record_id,clinic,ct_scan,eeg,iq_test,iq_test_desc,metab_disease_measure,mr_scan,oth_iq_test_name,oth_iq_test_result,oth_iq_test_yesno,other_clinic,diagnosis,icd10_ref_diagnosis,omim_gene_locus,omim_pheno,gen_approach,gen_ngsplatform,gen_novar1,gen_ref,gen_result,gen_varnamecdna1_2,gen_varnameprot1_2,karyotype,karyotype_result,loc_vcf,microarray,microarray_details,microarray_lab_result,microarray_length,microarray_reg_no,microarray_result_details,microarray_significance,microarray_type,oth_gen_ngsplatform,oth_loc_vcf,oth_loc_vcf_ext,other_gen_test,other_gen_test_type,other_gen_tests_typeresult,secgen_chromosome2,secgen_gene2,secgen_inheritance2,secgen_novar2,secgen_segregation2_1,secgen_segregation2_2,secgen_transcript2,secgen_varnamecdna2_1,secgen_varnamecdna2_2,secgen_varnameprot2_1,secgen_varnameprot2_2,secgen_zygosity2,secgen2,segregation_result1_1,segregation_result1_2,age_onset_summary,age_sent_for_genet,age_summary,consangui_offsp,consangui_offsp_rel,country_birth,dob,hpo_descriptive,ivf,relative_rel,relatives,sp_abortion,sp_abortion_numb,metab_disease,gen_gen1,gen_varnamecdna1_1,gen_varnameprot1_1,gen_zygosity1,hpo_data,sex,intel_dis,gen_chromosome1,gen_inheritance1,gen_transcript1
UC1_IMGGE_0,4,99,1,,,1,2,,,1,,Noonan,,,,1,20,1,2,1,,,1,,99,1,,,,,,,,,,,1,,,,,,,,,,,,,,,1,,,,,,2,,Serbia,22/03/1999,,1,,1,2,,1,SOS1,Chr2_39023128_C_T,p.Gly434Arg,Heterozygous,"HP:0000478,HP:0004322,HP:0001382,HP:0000766,HP:0000028,HP:0001627,HP:0001642,HP:0000365,HP:0000978,HP:0001561,HP:0025701,HP:0000476,HP:0001541,HP:0004482,HP:0011994,HP:0003115,HP:0002463,HP:0031466,HP:0000737,HP:0000739,HP:0000348,HP:0000316|HP:0000494,HP:0000358,HP:0000288,HP:0000215,HP:0002162,HP:0000520,HP:0008050,HP:0000316,HP:0000508,HP:0005280,HP:0012810,HP:0001782,HP:0000298,HP:0000325,HP:0000290,HP:0000472,HP:0000917,HP:0000767,HP:0040402,HP:0000347,HP:0000218,HP:0000678,HP:0000508,HP:0000486,HP:0000539,HP:0000646,HP:0000639,HP:0001252",2,1,2,,NM_005633.4
UC1_IMGGE_1,100,99,1,,,2,99,,,1,,Smith-Magenis,,,,1,20,1,2,3,,,1,,99,1,,,,,,,,,,,1,,,,,,,,,,,,,,,1,,,,,,2,,Serbia,18/02/1996,,2,,99,2,,1,RAI1,Chr17_17792961_C_T,p.Arg5Ter,Heterozygous,"HP:0000248,HP:0000303,HP:0000283,HP:0000321,HP:0010803|HP:0010804,HP:0000490,HP:0001169|HP:0004279, HP:0011051,HP:0000679,HP:0000741,HP:0100543,HP:0002463,HP:0007018,HP:0100851,HP:0000733,HP:0100716,HP:0000370,HP:0001600,HP:0000365,HP:0001609,HP:0002650,HP:0000220,HP:0000482,HP:0002155,HP:0012450,HP:0000717,HP:0011772,HP:0002720,HP:0002353,HP:0000541",1,1,17,1.0,NM_030665.4
UC1_IMGGE_2,1,1,2,,,2,99,,,1,,Phelan-McDermid,,,,1,20,1,2,1,,,1,,99,1,,,,,,,,,,,1,,,,,,,,,,,,,,,1,,,,,45.5,2,,Serbia,01/02/2018,,2,,99,1,,1,Del22q13.33,Del22q13.33,,,"HP:0001263,HP:0001249,HP:0000750,HP:5200019,HP:5200242,HP:0000718,HP:0012534,HP:0012448,HP:0002280,HP:0002360,HP:0000508,HP:0000110|HP:0000104,HP:0000085,HP:0002020,HP:0002014,HP:0000256,HP:0000527,HP:0000445,HP:0000431,HP:0000629,HP:0001155,HP:0001252",2,2,22,1.0,
UC1_IMGGE_3,4,2,2,,,2,99,,,99,,Rubinstein-Taybi 2,,,,3,2,1,2,1,,,1,,1,1,,,,,,,,,,,1,,,,,,,,,,,,,,,1,,,,,97.5,2,,Serbia,13/07/2020,,1,,1,99,,1,CREBBP,Chr16_3850497_G_A,p.Gln200Ter,Heterozygous,"HP:0008897,HP:0000252,HP:0001513,HP:0000486,HP:0000539,HP:0000579,HP:0000518,HP:0000639,HP:0000481,HP:0008046,HP:0000405,HP:0002870,HP:0001601,HP:0002779,HP:0002780,HP:0001631,HP:0001643,HP:0001680,HP:0010775,HP:0012210,HP:0000028,HP:0011968,HP:0002020,HP:0002019,HP:0002566,HP:0002027,HP:0025085,HP:0012732,HP:0006156,HP:0010100,HP:0100711,HP:0003084,HP:0005667,HP:0000678,HP:0000689,HP:0000668,HP:0000695,HP:0006297,HP:0030434,HP:0012710,HP:0001263,HP:0000750,HP:0100710,HP:0000736,HP:0031432,HP:0007018,HP:0012534,HP:0001273,HP:0012794",99,1,16,1.0,NM_004380.3
UC1_IMGGE_4,3,2,1,,,2,99,,,1,,Rubinstein-Taybi 2,,,,1,2,1,2,3,,,1,,1,1,,,,,,,,,,,1,,,,,,,,,,,,,,,1,,,,,,2,,Serbia,08/03/2000,,99,,99,1,,1,any,,,,"HP:0008897,HP:0000252,HP:0001513,HP:0000486,HP:0000539,HP:0000579,HP:0000518,HP:0000589,HP:0008007,HP:0000481,HP:0008046,HP:0000405,HP:0002870,HP:0000347,HP:0001601,HP:0031546,HP:0000126,HP:0000010,HP:0000028,HP:0002020,HP:0002019,HP:0002566,HP:0002027,HP:0025085,HP:0012732,HP:0006156,HP:0010100,HP:0002999,HP:0100711,HP:0003084,HP:0046508,HP:0002650,HP:0000678,HP:0000689,HP:0000670,HP:0000668,HP:0000695,HP:0011087,HP:0006297,HP:0002719,HP:0001263,HP:0000750,HP:0100710,HP:0000736,HP:0000712,HP:0031432,HP:0001273,HP:0006989,HP:0033745,HP:0012794,HP:0001252",99,1,,,
UC1_IMGGE_5,100,2,99,,,2,2,,,1,,Phelan-McDermid,,,,3,3,1,2,3,,,1,,2,1,,,,,,,,,,,1,,,,,,,,,,,,,,,1,,,,,,99,,Serbia,04/07/1996,,1,,99,1,,1,Del22q13.33,Del22q13.33,,,"HP:0001263,HP:0001249,HP:0000750,HP:0031432,HP:0001250,HP:0007204,HP:0100702,HP:0012762,HP:0002360,HP:0000010,HP:0012210,HP:0002020,HP:0004324,HP:0000527,HP:0000307,HP:0000445,HP:0001176,HP:0001155",2,2,22,1.0,
UC1_IMGGE_6,3,1,2,,,2,1,,,99,,Tatton-Brown-Rahman,,,,2,1,1,2,1,,,1,,99,1,,,,,,,,,,,1,,,,,,,,,,,,,,,1,,,68.5,,4.5,99,,Serbia,27/09/1984,,2,,99,2,,1,DNMT3A,Chr2_25244214_G_A,p.Arg598Ter,Heterozygous,"HP:0025502,HP:0001256,HP:0002342,HP:0000729,HP:0000718,HP:0000722,HP:0001373,HP:0045025,HP:0001252",2,2,2,1.0,NM_022552.5
UC1_IMGGE_7,4,2,2,,,1,2,,,1,,Noonan,,,,3,3,1,2,1,,,1,,1,1,,,,,,,,,,,1,,,,,,,,,,,,,,,1,,,73.0,,71.0,2,,Serbia,26/04/2000,,2,,2,99,,1,any,,,,"HP:0000478,HP:0004322,HP:0001382,HP:0000766,HP:0001627,HP:0000365,HP:0001561,HP:0100763,HP:0025701,HP:0010880,HP:0000476,HP:0001541,HP:0004482,HP:0011968,HP:0003115,HP:0011443,HP:0000737,HP:0000348,HP:0000316|HP:0000494,HP:0000358,HP:0000288,HP:0000215,HP:0000470|HP:0000474,HP:0002162,HP:0000520,HP:0008050,HP:0000316,HP:0000508,HP:0005280,HP:0012810,HP:0001782,HP:0000298,HP:0000325,HP:0000290,HP:0000472,HP:0000917,HP:0000767,HP:0000678,HP:0000508,HP:0000486,HP:0000539,HP:0000639",2,1,,,
UC1_IMGGE_8,4,2,2,,,1,1,,,1,,Rubinstein-Taybi 2,,,,2,3,1,2,1,,,1,,2,1,,,,,,,,,,,1,,,,,,,,,,,,,,,1,,,,,,1,,Serbia,12/11/2002,,1,,99,99,,1,CREBBP,Chr16_3729210_GGGGGGG_GGGGGGGG,p.Pro1947fs,Heterozygous,"HP:0000252,HP:0001513,HP:0000518,HP:0000589,HP:0000639,HP:0000481,HP:0000405,HP:0002870,HP:0000347,HP:0002780,HP:0001642,HP:0001660,HP:0001650,HP:0031546,HP:0000787,HP:0000010,HP:0000028,HP:0011968,HP:0002020,HP:0002019,HP:0002566,HP:0002027,HP:0025085,HP:0006156,HP:0003084,HP:0046508,HP:0000689,HP:0000670,HP:0000668,HP:0011069,HP:0000695,HP:0011087,HP:0006297,HP:0002885,HP:0002858,HP:0001263,HP:0000750,HP:0100710,HP:0000736,HP:0000712,HP:0031432,HP:0100025,HP:0000729,HP:0001273,HP:0006989,HP:0033745,HP:0001252",99,1,16,1.0,NM_004380.3
UC1_IMGGE_9,100,1,1,,,2,1,,,99,,PKU,,,,10,20,1,2,3,,,1,,1,1,,,,,,,,,,,1,,,,,,,,,,,,,,,1,,,,,,2,,Serbia,15/03/1981,,99,,2,2,,2,PAH,Chr12_102852819_C_T,p.Glu280Lys,Homozygous,"HP:0001249,HP:0100022,HP:0001250,HP:0000252,HP:0001010,HP:0005599,HP:0000964,HP:0000739,HP:0000716,HP:0000175,HP:0001252",2,2,12,2.0,NM_000277.3
UC1_IMGGE_10,100,2,99,,,99,99,,,2,,Smith-Magenis,,,,2,1,1,2,3,,,1,,1,1,,,,,,,,,,,1,,,,,,,,,,,,,,,1,,,,,,1,,Serbia,07/05/1988,,99,,99,1,,1,RAI1,Chr17_17795339_CCCCCC_CCCCCCC,p.Gly800fs,Heterozygous,"HP:0000248,HP:0000283,HP:0000321,HP:0010803|HP:0010804,HP:0000490,HP:0001169|HP:0004279, HP:0011051,HP:0004324,HP:0012743,HP:0000741,HP:0003474,HP:0003474,HP:0001263,HP:0002463,HP:0006979,HP:0007018,HP:0100851,HP:0100710,HP:0000733,HP:0100716,HP:0001265,HP:0009830,HP:0000370,HP:0000365,HP:0010780,HP:0001609,HP:0004322,HP:0002650,HP:0010952,HP:0005607,HP:0000220,HP:0000486,HP:0000482,HP:5200291,HP:0003124,HP:0012450,HP:0000717,HP:0001250,HP:0010978,HP:0000079,HP:0002973,HP:0001252",1,1,17,1.0,NM_030665.4
UC1_IMGGE_11,3,2,2,,,2,99,,,2,,Phelan-McDermid,,,,2,4,1,2,2,,,1,,99,1,,,,,,,,,,,1,,,,,,,,,,,,,,,1,,,,,,1,,Serbia,27/12/2011,,1,,99,2,,1,Del22q13.33,Del22q13.33,,,"HP:0001263,HP:0001249,HP:0000750,HP:0000817,HP:5200242,HP:0001250,HP:0001274,HP:0002119,HP:0008762,HP:0012762,HP:0002360,HP:0000486,HP:0000508,HP:0000365,HP:0012210,HP:0000107,HP:0002019,HP:0002014,HP:0000256,HP:0000689,HP:0000431,HP:0001252",1,2,22,1.0,
UC1_IMGGE_12,2,1,2,,,2,2,,,99,,PKU,,,,2,3,1,2,2,,,1,,1,1,,,,,,,,,,,1,,,,,,,,,,,,,,,1,,,80.5,,,1,,Serbia,21/09/1982,,2,,99,1,,2,PAH,Chr12_102844352_G_T,p.Ser350Tyr,Homozygous,"HP:0001249,HP:0100022,HP:0001250,HP:0000252,HP:0001010,HP:0005599,HP:0000964,HP:0007018,HP:0000739,HP:0001252",1,2,12,2.0,NM_000277.3
UC1_IMGGE_13,3,99,99,,,2,99,,,1,,Rubinstein-Taybi 2,,,,1,20,1,2,3,,,1,,99,1,,,,,,,,,,,1,,,,,,,,,,,,,,,1,,,53.5,,,99,,Serbia,16/06/2014,,99,,1,2,,1,CREBBP,Chr16_3729433_T_C,p.Met1872Val,Heterozygous,"HP:0000252,HP:0000486,HP:0000508,HP:0000579,HP:0000518,HP:0000589,HP:0000639,HP:0008007,HP:0000481,HP:0008046,HP:0000405,HP:0000347,HP:0002779,HP:0002780,HP:0001680,HP:0001650,HP:0012210,HP:0000126,HP:0000787,HP:0000028,HP:0002020,HP:0002019,HP:0002566,HP:0002027,HP:0025085,HP:0012732,HP:0010100,HP:0002999,HP:0001382,HP:0003084,HP:0046508,HP:0000678,HP:0000670,HP:0000668,HP:0000695,HP:0011087,HP:0010562,HP:0000388,HP:0002090,HP:0002885,HP:0030434,HP:0002858,HP:0001263,HP:0000750,HP:0100710,HP:0000736,HP:0000712,HP:0031432,HP:0007018,HP:0100025,HP:0012534,HP:0000729,HP:0001273,HP:0006989,HP:0033745,HP:0012794,HP:0001252",1,1,16,1.0,NM_004380.3
UC1_IMGGE_14,4,2,99,,,2,99,,,99,,Smith-Magenis,,,,2,3,1,2,2,,,1,,99,1,,,,,,,,,,,1,,,,,,,,,,,,,,,1,,,8.0,,,1,,Serbia,07/08/1996,,2,,2,99,,1,RAI1,Chr17_17795339_CCCCCC_CCCCCCC,p.Gly800fs,Heterozygous,"HP:0000303,HP:0000283,HP:0000321,HP:0010803|HP:0010804,HP:0001169|HP:0004279,HP:0000679,HP:0004324,HP:0012743,HP:0000741,HP:0003474,HP:0003474,HP:0001263,HP:0002463,HP:0006979,HP:0007018,HP:0100851,HP:0100710,HP:0000733,HP:0001265,HP:0009830,HP:0001600,HP:0001609,HP:0004322,HP:0002650,HP:0010952,HP:0005607,HP:0000525,HP:0000482,HP:0003124,HP:0012450,HP:0000717,HP:0010978,HP:0002720,HP:0001252",1,1,17,1.0,NM_030665.4
UC1_IMGGE_15,4,1,99,,,99,2,,,2,,Rubinstein-Taybi 2,,,,1,1,1,2,2,,,1,,99,1,,,,,,,,,,,1,,,,,,,,,,,,,,,1,,,38.0,,51.0,1,,Serbia,19/09/2005,,99,,99,99,,1,any,,,,"HP:0000252,HP:0001513,HP:0000539,HP:0000508,HP:0000579,HP:0000518,HP:0000639,HP:0000481,HP:0008046,HP:0002870,HP:0000347,HP:0001629,HP:0001647,HP:0001660,HP:0001650,HP:0010775,HP:0000076,HP:0000787,HP:0000010,HP:0000028,HP:0011968,HP:0002020,HP:0002019,HP:0002566,HP:0002027,HP:0025085,HP:0006156,HP:0010100,HP:0002999,HP:0001382,HP:0100711,HP:0000932,HP:0000678,HP:0000689,HP:0000670,HP:0011069,HP:0000695,HP:0011087,HP:0006297,HP:0030434,HP:0000388,HP:0002885,HP:0002858,HP:0001263,HP:0000750,HP:0000736,HP:0031432,HP:0100025,HP:0012534,HP:0100716,HP:0000729,HP:0000739,HP:0006989,HP:0033745,HP:0012794,HP:0001252",2,1,,,
UC1_IMGGE_16,4,1,1,,,1,99,,,2,,Rubinstein-Taybi 2,,,,3,20,1,2,3,,,1,,99,1,,,,,,,,,,,1,,,,,,,,,,,,,,,1,,,31.0,,,99,,Serbia,04/04/2007,,1,,99,2,,1,CREBBP,Chr16_3731195_G_C,p.Cys1723Trp,Heterozygous,"HP:0008897,HP:0000252,HP:0001513,HP:0000508,HP:0000579,HP:0000589,HP:0000639,HP:0008007,HP:0000481,HP:0002870,HP:0001601,HP:0002780,HP:0001631,HP:0001642,HP:0001647,HP:0001660,HP:0031546,HP:0000028,HP:0011968,HP:0002020,HP:0002566,HP:0002027,HP:0025085,HP:0012732,HP:0006156,HP:0010100,HP:0003084,HP:0046508,HP:0002650,HP:0001305,HP:0005667,HP:0000678,HP:0000689,HP:0000670,HP:0011069,HP:0000695,HP:0011087,HP:0006297,HP:0003006,HP:0030434,HP:0001263,HP:0000750,HP:0000736,HP:0031432,HP:0012534,HP:0100716,HP:0000729,HP:0001273,HP:0033745,HP:0012794",1,1,16,1.0,NM_004380.3
UC1_IMGGE_17,3,2,2,,,1,2,,,2,,22q11.2 deletion,,,,3,4,1,2,2,,,1,,1,1,,,,,,,,,,,1,,,,,,,,,,,,,,,1,,,53.5,,,1,,Serbia,17/11/2003,,1,,99,1,,1,Del22q11,Del22q11,,,"HP:0011611,HP:0000174,HP:0000220,HP:0011968,HP:0002019,HP:0031379,HP:0011839,HP:0001915,HP:0005105,HP:0000347,HP:0001363,HP:0000396,HP:0030026,HP:0008771,HP:0000411,HP:0000407|HP:0000405,HP:0000426,HP:0000414,HP:0000430,HP:0000456,HP:0001250,HP:0002389,HP:0001321,HP:0012736,HP:0000750,HP:5200044,HP:0000739,HP:5200310,HP:0002693,HP:0002691,HP:0003319,HP:0000126,HP:0001909,HP:0003006",1,1,22,,
UC1_IMGGE_18,2,1,99,,,2,2,,,2,,Rubinstein-Taybi 2,,,,1,20,1,2,1,,,1,,2,1,,,,,,,,,,,1,,,,,,,,,,,,,,,1,,,80.5,,,1,,Serbia,17/11/2008,,99,,99,1,,1,CREBBP,Chr16_3751725_C_A,--,Heterozygous,"HP:0008897,HP:0000252,HP:0000486,HP:0000539,HP:0000508,HP:0000579,HP:0000589,HP:0000639,HP:0008007,HP:0008046,HP:0001601,HP:0002779,HP:0002780,HP:0001631,HP:0001643,HP:0001642,HP:0001650,HP:0031546,HP:0000787,HP:0000010,HP:0000028,HP:0011968,HP:0002020,HP:0002019,HP:0002566,HP:0002027,HP:0025085,HP:0006156,HP:0010100,HP:0003084,HP:0002308,HP:0000678,HP:0000689,HP:0000670,HP:0011069,HP:0000695,HP:0010562,HP:0003006,HP:0002885,HP:0000825,HP:0001263,HP:0000750,HP:0100710,HP:0000736,HP:0000712,HP:0000718,HP:0006989,HP:0033745,HP:0001252",99,1,16,1.0,NM_004380.3
UC1_IMGGE_19,1,99,99,,,99,99,,,99,,Kabuki 1,,,,10,2,1,2,2,,,1,,1,1,,,,,,,,,,,1,,,,,,,,,,,,,,,1,,,98.5,,,1,,Serbia,25/03/2013,,1,,99,2,,1,KMT2D,Chr12_49022332_G_A,p.Arg5454Ter,Heterozygous,"HP:0001508,HP:0000481,HP:0000378,HP:0012781,HP:0410030,HP:0000174,HP:0007655,HP:0002553,HP:0011229,HP:0002000|HP:0000437,HP:0002265,HP:0000411,HP:0000378,HP:0000668|HP:0000690|HP:0200161|HP:4000093|HP:0011057,HP:0040220,HP:0000689,HP:0045017,HP:0001680,HP:0001710,HP:0004383,HP:0002275,HP:0002015,HP:0002020,HP:0000126,HP:0001382,HP:0001212,HP:0010314,HP:0004322,HP:0002719,HP:0005432,HP:0002720,HP:0031380,HP:0001249,HP:0001252",1,2,12,1.0,NM_003482.4
UC1_IMGGE_20,1,2,2,,,1,2,,,1,,Smith-Magenis,,,,10,1,1,2,3,,,1,,99,1,,,,,,,,,,,1,,,,,,,,,,,,,,,1,,,,,98.5,2,,Serbia,02/10/1992,,99,,99,2,,1,RAI1,Chr17_17792961_C_T,p.Arg5Ter,Heterozygous,"HP:0000248,HP:0000303,HP:0000321,HP:0000490, HP:0011051,HP:0000679,HP:0004324,HP:0000741,HP:0006979,HP:0007018,HP:0100851,HP:0100710,HP:0100716,HP:0001265,HP:0009830,HP:0000370,HP:0001600,HP:0000365,HP:0010780,HP:0004322,HP:0010952,HP:0005607,HP:0000486,HP:0000482,HP:5200291,HP:0003124,HP:0012450,HP:0011772,HP:0001250",2,1,17,1.0,NM_030665.4
UC1_IMGGE_21,2,2,2,,,99,1,,,1,,22q11.2 deletion,,,,10,1,1,2,3,,,1,,2,1,,,,,,,,,,,1,,,,,,,,,,,,,,,1,,,34.0,,7.5,99,,Serbia,06/06/1991,,99,,2,99,,1,Del22q11,Del22q11,,,"HP:0011611,HP:0000220,HP:0000220,HP:0002019,HP:0011839,HP:0004322,HP:0000486,HP:0005105,HP:0011333,HP:0000347,HP:0001363,HP:0030026,HP:0000378,HP:0008771,HP:0000411,HP:0004467,HP:0000407|HP:0000405,HP:0000414,HP:0000430,HP:0000456,HP:0025788,HP:0002389,HP:0012736,HP:0000739,HP:0030223,HP:0002693,HP:0012303,HP:0003319,HP:0005881,HP:0000126,HP:0002101",2,1,22,,
UC1_IMGGE_22,2,1,1,,,99,1,,,1,,PKU,,,,1,2,1,2,3,,,1,,2,1,,,,,,,,,,,1,,,,,,,,,,,,,,,1,,,11.0,,27.5,1,,Serbia,23/11/2010,,1,,2,1,,2,PAH,Chr12_102852935_C_A,p.Arg241Leu,Homozygous,"HP:0001249,HP:0100022,HP:0001250,HP:0000252,HP:0001010,HP:0005599,HP:0000964,HP:0002575",2,2,12,2.0,NM_000277.3
UC1_IMGGE_23,100,2,1,,,2,2,,,2,,Kabuki 1,,,,1,3,1,2,3,,,1,,2,1,,,,,,,,,,,1,,,,,,,,,,,,,,,1,,,,,36.5,1,,Serbia,12/01/1993,,1,,2,1,,1,KMT2D,Chr12_49038868_G_A,p.Arg2830Ter,Heterozygous,"HP:0001508,HP:0000592,HP:0200057,HP:0000378,HP:0012781,HP:0007655,HP:0002553,HP:0011229,HP:0002000|HP:0000437,HP:0002265,HP:0000411,HP:0000378,HP:0000668|HP:0000690|HP:0200161|HP:4000093|HP:0011057,HP:0001627,HP:0045017,HP:0002275,HP:0002015,HP:0002020,HP:0001382,HP:0001212,HP:0004322,HP:0002719,HP:0002720,HP:0001249,HP:0001252",1,2,12,1.0,NM_003482.4
UC1_IMGGE_24,2,2,99,,,99,1,,,1,,CHARGE,,,,10,3,1,2,3,,,1,,2,1,,,,,,,,,,,1,,,,,,,,,,,,,,,1,,,,,75.5,99,,Serbia,21/04/2002,,99,,99,2,,1,CHD7,Chr8_60816502_G_A,--,Heterozygous,"HP:0000589,HP:0000453,HP:0004409,HP:0000458,HP:0000407,HP:0001751,HP:0030895,HP:0031703,HP:0410030,HP:0000175,HP:0000044,HP:0001510,HP:0001263,HP:0010558,HP:0000252,HP:0002119,HP:0001320,HP:0000077",2,1,8,1.0,NM_017780.4
UC1_IMGGE_25,2,1,1,,,1,1,,,99,,Rubinstein-Taybi 2,,,,1,3,1,2,3,,,1,,2,1,,,,,,,,,,,1,,,,,,,,,,,,,,,1,,,,,,99,,Serbia,09/09/2010,,99,,1,1,,1,any,,,,"HP:0008897,HP:0000252,HP:0001513,HP:0000539,HP:0000508,HP:0000579,HP:0000518,HP:0000589,HP:0000639,HP:0008007,HP:0000481,HP:0008046,HP:0000405,HP:0002779,HP:0002780,HP:0001629,HP:0001642,HP:0001660,HP:0001650,HP:0031546,HP:0012210,HP:0000126,HP:0000028,HP:0011968,HP:0002020,HP:0002019,HP:0002027,HP:0025085,HP:0012732,HP:0006156,HP:0010100,HP:0002999,HP:0001382,HP:0100711,HP:0003084,HP:0000670,HP:0000668,HP:0011069,HP:0011087,HP:0006297,HP:0030434,HP:0012710,HP:0002859,HP:0001263,HP:0000750,HP:0100710,HP:0000736,HP:0000712,HP:0031432,HP:0012534,HP:0001273,HP:0006989,HP:0033745,HP:0012794",2,1,,,
UC1_IMGGE_26,4,99,2,,,99,2,,,2,,Tatton-Brown-Rahman,,,,3,2,1,2,2,,,1,,1,1,,,,,,,,,,,1,,,,,,,,,,,,,,,1,,,,,,2,,Serbia,24/10/2000,,99,,99,1,,1,DNMT3A,Chr2_25244295_CCCCC_CCCCCC,p.Ala571fs,Heterozygous,"HP:0001548,HP:0000256,HP:0025502,HP:0002342,HP:0000739,HP:0007302,HP:0033127,HP:0002751,HP:0001252",99,2,2,1.0,NM_022552.5
UC1_IMGGE_27,1,1,1,,,2,1,,,1,,Rubinstein-Taybi 1,,,,3,2,1,2,1,,,1,,99,1,,,,,,,,,,,1,,,,,,,,,,,,,,,1,,,87.0,,42.5,2,,Serbia,25/08/1990,,1,,1,2,,1,CREBBP,Chr16_3793494_G_A,p.Arg370Ter,Heterozygous,"HP:0000252,HP:0000486,HP:0000539,HP:0000579,HP:0000589,HP:0000639,HP:0008007,HP:0000481,HP:0008046,HP:0001601,HP:0001643,HP:0001680,HP:0001647,HP:0031546,HP:0000081,HP:0000787,HP:0000028,HP:0011968,HP:0002020,HP:0002019,HP:0025085,HP:0006156,HP:0010100,HP:0002999,HP:0100711,HP:0046508,HP:0002693,HP:0000670,HP:0011069,HP:0000695,HP:0011087,HP:0006297,HP:0002090,HP:0002885,HP:0002858,HP:0001263,HP:0000750,HP:0100710,HP:0031432,HP:0012534,HP:0006989,HP:0012794,HP:0001252",1,1,16,1.0,NM_004380.3
UC1_IMGGE_28,1,2,99,,,2,99,,,99,,Kleefstra,,,,1,2,1,2,1,,,1,,2,1,,,,,,,,,,,1,,,,,,,,,,,,,,,1,,,75.5,,6.0,2,,Serbia,20/11/1998,,99,,2,2,,1,EHMT1,Chr9_137619051_GAGGTGAG_GAG,--,Heterozygous,"HP:0000248,HP:0000337,HP:0000534,HP:0000582,HP:0011800,HP:0000391,HP:0003196,HP:0000463,HP:0000232,HP:0010804,HP:0010808,HP:0000303,HP:0001249,HP:0000733,HP:0100716,HP:0000540,HP:0000365,HP:0001710,HP:0001631,HP:0001680,HP:0000076,HP:0011152,HP:0001250,HP:0001762,HP:0001252",1,2,9,1.0,NM_024757.5
UC1_IMGGE_29,4,2,99,,,1,99,,,1,,22q11.2 deletion,,,,1,1,1,2,3,,,1,,1,1,,,,,,,,,,,1,,,,,,,,,,,,,,,1,,,96.5,,93.5,1,,Serbia,15/06/2003,,1,,1,2,,1,Del22q11,Del22q11,,,"HP:0001627,HP:0001636,HP:0001679,HP:0001643,HP:0000174,HP:5201016,HP:0000220,HP:0011968,HP:0002019,HP:0002032,HP:0031379,HP:0001045,HP:0002608,HP:0002901,HP:0001513,HP:0031703,HP:0005105,HP:0001363,HP:0030026,HP:0000378,HP:0004467,HP:0000402,HP:0000426,HP:0000430,HP:0001250,HP:0012736,HP:0000734,HP:0000739,HP:0030223,HP:5200310,HP:0002693,HP:0002691,HP:0001999,HP:0003319,HP:0005881,HP:0002650,HP:0000104,HP:0001537,HP:0001252",1,1,22,,
UC1_IMGGE_30,2,99,2,,,99,2,,,2,,PKU,,,,3,4,1,2,1,,,1,,2,1,,,,,,,,,,,1,,,,,,,,,,,,,,,1,,,20.5,,78.5,1,,Serbia,03/12/2000,,1,,1,99,,2,PAH,Chr12_102894860_T_C,p.Glu76Gly,Homozygous,"HP:0001249,HP:0100022,HP:0001250,HP:0000252,HP:0001010,HP:0005599,HP:0000964,HP:0000739,HP:0000716,HP:0001642|HP:0010882,HP:0001511",1,2,12,2.0,NM_000277.3
UC1_IMGGE_31,2,2,99,,,2,1,,,1,,Noonan,,,,1,20,1,2,1,,,1,,99,1,,,,,,,,,,,1,,,,,,,,,,,,,,,1,,,,,,99,,Serbia,05/05/2017,,2,,1,99,,1,PTPN11,Chr12_112450354_C_G,p.Asn58Lys,Heterozygous,"HP:0000478,HP:0004322,HP:0001382,HP:0000766,HP:0001642,HP:0000978,HP:0100763,HP:0000476,HP:0002202,HP:0001541,HP:0004482,HP:0003115,HP:0000716,HP:0000348,HP:0000316|HP:0000494,HP:0000358,HP:0000288,HP:0000215,HP:0000470|HP:0000474,HP:0002162,HP:0000520,HP:0008050,HP:0000316,HP:0000508,HP:0005280,HP:0012810,HP:0001782,HP:0000298,HP:0000325,HP:0000290,HP:0000472,HP:0002943,HP:0000917,HP:0040402,HP:0000347,HP:0000218,HP:0000678,HP:0000508,HP:0000486,HP:0000539,HP:0000646",1,1,12,,NM_002834.5
UC1_IMGGE_32,4,99,99,,,99,1,,,99,,CSS,,,,3,3,1,2,1,,,1,,1,1,,,,,,,,,,,1,,,,,,,,,,,,,,,1,,,,,,1,,Serbia,01/10/1996,,2,,99,2,,1,ARID1B,Chr6_157196232_C_A,p.Tyr1433Ter,Heterozygous,"HP:0001305,HP:0100033,HP:0000280,HP:0000574,HP:0011231,HP:0000463,HP:0000455,HP:0012810,HP:0000289,HP:0000154,HP:0000219,HP:0000179,HP:0001792,HP:0030084,HP:0001382,HP:0000998,HP:0004325,HP:0000002,HP:0005832,HP:0000486,HP:0002719,HP:0001627,HP:0001643,HP:0000028,HP:0001252",2,1,6,1.0,NM_001374828.1
UC1_IMGGE_33,100,1,1,,,2,1,,,99,,Kabuki 1,,,,2,2,1,2,2,,,1,,2,1,,,,,,,,,,,1,,,,,,,,,,,,,,,1,,,67.5,,49.0,2,,Serbia,05/07/2000,,1,,2,99,,1,KMT2D,Chr12_49042188_G_A,p.Gln2004Ter,Heterozygous,"HP:0001513,HP:0008897,HP:0000486,HP:0000508,HP:0000589,HP:0200057,HP:0000481,HP:0000218,HP:0007655,HP:0002553,HP:0011229,HP:0002000|HP:0000437,HP:0002265,HP:0000411,HP:0000378,HP:0045017,HP:0011625,HP:0001647,HP:0011968,HP:0002015,HP:0002020,HP:0000077,HP:0001382,HP:0004322,HP:0002719,HP:0005432,HP:0002720,HP:0031165,HP:0001249,HP:0001252",1,2,12,1.0,NM_003482.4
UC1_IMGGE_34,1,1,99,,,99,1,,,99,,Kabuki 1,,,,10,1,1,2,1,,,1,,1,1,,,,,,,,,,,1,,,,,,,,,,,,,,,1,,,,,57.0,99,,Serbia,06/03/1987,,2,,99,99,,1,KMT2D,Chr12_49026505_C_T,p.Arg5154Gln,Heterozygous,"HP:0000508,HP:0000411,HP:0000378,HP:0008523,HP:0000218,HP:0007655,HP:0002553,HP:0011229,HP:0002000|HP:0000437,HP:0002265,HP:0000411,HP:0000378,HP:0000668|HP:0000690|HP:0200161|HP:4000093|HP:0011057,HP:0045017,HP:0001680,HP:0011625,HP:0004383,HP:0011968,HP:0002275,HP:0002020,HP:0001382,HP:0002650,HP:0001212,HP:0010314,HP:0004322,HP:0002719,HP:0005432,HP:0002720,HP:0001249,HP:0007018,HP:0001252",1,2,12,1.0,NM_003482.4
UC1_IMGGE_35,3,2,2,,,2,2,,,99,,Kleefstra,,,,1,1,1,2,2,,,1,,99,1,,,,,,,,,,,1,,,,,,,,,,,,,,,1,,,,,,99,,Serbia,11/10/1994,,2,,99,1,,1,Del9q34.3,Del9q34.3,,,"HP:0000248,HP:0000337,HP:0000534,HP:0000582,HP:0011800,HP:0000391,HP:0003196,HP:0000463,HP:0000232,HP:0010804,HP:0010808,HP:0000303,HP:0001249,HP:0006863,HP:0002360,HP:0000733,HP:0000540,HP:0000365,HP:0001631,HP:0001680,HP:0001642,HP:0000076,HP:0011152,HP:0001762,HP:0002933,HP:0002020",99,2,9,1.0,
UC1_IMGGE_36,100,99,1,,,1,1,,,2,,Phelan-McDermid,,,,3,4,1,2,1,,,1,,99,1,,,,,,,,,,,1,,,,,,,,,,,,,,,1,,,12.0,,61.5,2,,Serbia,02/03/1983,,1,,1,99,,1,Del22q13.33,Del22q13.33,,,"HP:0001263,HP:0001249,HP:0000750,HP:0004372,HP:0001250,HP:0012448,HP:0001274,HP:0002119,HP:0002011,HP:0008762,HP:0012762,HP:0002360,HP:0000365,HP:0000126|HP:0010945,HP:0002019,HP:0000689,HP:0000307,HP:0000445,HP:0000414,HP:0000629,HP:0001659,HP:0001631",99,2,22,1.0,
UC1_IMGGE_37,2,2,1,,,99,99,,,99,,Smith-Magenis,,,,10,20,1,2,1,,,1,,99,1,,,,,,,,,,,1,,,,,,,,,,,,,,,1,,,,,,99,,Serbia,07/04/1981,,99,,99,2,,1,RAI1,Chr17_17795712_AG_.,p.Glu923fs,Heterozygous,"HP:0000248,HP:0011800,HP:0000303,HP:0000283,HP:0000321,HP:0010803|HP:0010804,HP:0000490, HP:0011051,HP:0004324,HP:0012743,HP:0000741,HP:0003474,HP:0001263,HP:0100543,HP:0002463,HP:0006979,HP:0007018,HP:0100710,HP:0000733,HP:0100716,HP:0001265,HP:0009830,HP:0000370,HP:0000365,HP:0010780,HP:0001609,HP:0004322,HP:0002650,HP:0000220,HP:0000486,HP:0000525,HP:5200291,HP:0002155,HP:0012450,HP:0001627,HP:0010978,HP:0002720,HP:0002353,HP:0000541",2,1,17,1.0,NM_030665.4
UC1_IMGGE_38,1,1,2,,,2,1,,,99,,Kabuki 2,,,,10,3,1,2,1,,,1,,2,1,,,,,,,,,,,1,,,,,,,,,,,,,,,1,,,,,,99,,Serbia,16/08/1993,,99,,2,1,,1,KMT2D,Chr12_49039837_G_A,p.Arg2645Ter,Heterozygous,"HP:0001508,HP:0001513,HP:0000592,HP:0000481,HP:0000411,HP:0000378,HP:0008523,HP:0012781,HP:0000218,HP:0007655,HP:0002553,HP:0011229,HP:0002000|HP:0000437,HP:0002265,HP:0000411,HP:0000378,HP:0000668|HP:0000690|HP:0200161|HP:4000093|HP:0011057,HP:0000687,HP:0001627,HP:0045017,HP:0001680,HP:0011625,HP:0001633,HP:0001710,HP:0002616,HP:0002275,HP:0002020,HP:0001382,HP:0002650,HP:0002808,HP:0001212,HP:0010314,HP:0004322,HP:0002719,HP:0005432,HP:0001249,HP:0001252",2,2,12,1.0,NM_003482.4
UC1_IMGGE_39,100,2,1,,,99,1,,,99,,Rubinstein-Taybi 2,,,,2,3,1,2,2,,,1,,99,1,,,,,,,,,,,1,,,,,,,,,,,,,,,1,,,,,68.5,1,,Serbia,17/02/1983,,99,,1,1,,1,CREBBP,Chr16_3782810_G_A,p.Arg483Ter,Heterozygous,"HP:0008897,HP:0000252,HP:0000539,HP:0000508,HP:0000579,HP:0000518,HP:0000589,HP:0000639,HP:0008007,HP:0000481,HP:0008046,HP:0002870,HP:0000347,HP:0002780,HP:0001631,HP:0001629,HP:0001680,HP:0001650,HP:0012210,HP:0000028,HP:0002020,HP:0002019,HP:0002566,HP:0002027,HP:0025085,HP:0012732,HP:0006156,HP:0010100,HP:0002999,HP:0001382,HP:0100711,HP:0003084,HP:0046508,HP:0003396,HP:0000678,HP:0000689,HP:0000670,HP:0000668,HP:0011069,HP:0000695,HP:0011087,HP:0006297,HP:0010562,HP:0030434,HP:0012710,HP:0002719,HP:0000388,HP:0030434,HP:0001263,HP:0000750,HP:0100710,HP:0000736,HP:0000712,HP:0001273,HP:0006989,HP:0033745,HP:0012794,HP:0001252",1,1,16,1.0,NM_004380.3
UC1_IMGGE_40,3,1,1,,,99,99,,,2,,CHARGE,,,,10,3,1,2,1,,,1,,99,1,,,,,,,,,,,1,,,,,,,,,,,,,,,1,,,,,17.0,2,,Serbia,30/10/1998,,99,,99,99,,1,CHD7,Chr8_60822027_C_T,p.Arg947Ter,Heterozygous,"HP:0000589,HP:0000452,HP:0004409,HP:0000458,HP:0000407,HP:0001751,HP:0030895,HP:0031703,HP:0410030,HP:0000044,HP:0001510,HP:0001263,HP:0001249,HP:0030680,HP:0010558,HP:0001305,HP:0001252",99,2,8,1.0,NM_017780.4
UC1_IMGGE_41,3,1,1,,,1,1,,,99,,CSS,,,,2,20,1,2,2,,,1,,1,1,,,,,,,,,,,1,,,,,,,,,,,,,,,1,,,,,81.5,1,,Serbia,18/12/1995,,2,,99,1,,1,ARID1B,Chr6_157148764_C_T,p.Arg968Ter,Heterozygous,"HP:0009879,HP:0001274,HP:0031165,HP:0100033,HP:0000280,HP:0000574,HP:0011231,HP:0003196,HP:0000463,HP:0000455,HP:0000154,HP:0001792,HP:0000998,HP:0000294,HP:0004325,HP:0000002,HP:0005832,HP:0000696,HP:0000486,HP:0002719,HP:0001643,HP:0012211,HP:0000085",99,1,6,1.0,NM_001374828.1
UC1_IMGGE_42,1,1,2,,,99,2,,,1,,Noonan,,,,3,2,1,2,2,,,1,,99,1,,,,,,,,,,,1,,,,,,,,,,,,,,,1,,,85.5,,46.5,99,,Serbia,18/03/1990,,2,,99,2,,1,PTPN11,Chr12_112450354_C_G,p.Asn58Lys,Heterozygous,"HP:0000478,HP:0001382,HP:0000766,HP:0000028,HP:0001627,HP:0001642,HP:0001249,HP:0001892,HP:0000978,HP:0001561,HP:0000476,HP:0002202,HP:0001541,HP:0004482,HP:0011968,HP:0011994,HP:0003115,HP:0011443,HP:0009088,HP:0002463,HP:0031466,HP:0000716,HP:0000348,HP:0000316|HP:0000494,HP:0000358,HP:0000215,HP:0000470|HP:0000474,HP:0002162,HP:0000520,HP:0008050,HP:0000316,HP:0000508,HP:0005280,HP:0012810,HP:0001782,HP:0000298,HP:0000325,HP:0000290,HP:0040402,HP:0001156,HP:0000347,HP:0000218,HP:0000678,HP:0000508,HP:0000486,HP:0000539,HP:0000646,HP:0000639,HP:0001252",99,2,12,,NM_002834.5
UC1_IMGGE_43,100,2,2,,,1,2,,,99,,Williams,,,,2,3,1,2,1,,,1,,1,1,,,,,,,,,,,1,,,,,,,,,,,,,,,1,,,45.5,,,2,,Serbia,22/04/2006,,1,,99,1,,1,Del7q11.23,Del7q11.23,,,"HP:0001263,HP:0001256,HP:0100025,HP:0031466,HP:0007018,HP:0006979,HP:0100545,HP:0004381,HP:0004969,HP:0000822,HP:0000540,HP:0000403,HP:5200060,HP:0000407,HP:0000691,HP:0011968,HP:0002019,HP:0001537,HP:0000023,HP:0000012,HP:0000805,HP:0000015,HP:0001382,HP:0034392,HP:0001609,HP:0001027,HP:0004322,HP:0000826,HP:0000819,HP:0000252,HP:0000337,HP:0000341,HP:0000629,HP:0012775,HP:0000486,HP:0003196,HP:0000455,HP:0000272,HP:0000343,HP:0000179|HP:0000215,HP:0000154,HP:0000689,HP:0000347,HP:0009748,HP:0000286,HP:0000293,HP:0000692,HP:0000276,HP:0200021,HP:0001252",2,2,17,1.0,
UC1_IMGGE_44,4,1,1,,,2,1,,,99,,Smith-Magenis,,,,2,4,1,2,1,,,1,,99,1,,,,,,,,,,,1,,,,,,,,,,,,,,,1,,,72.0,,17.5,1,,Serbia,14/10/1996,,1,,1,2,,1,RAI1,Chr17_17792961_C_T,p.Arg5Ter,Heterozygous,"HP:0011800,HP:0000303,HP:0000283,HP:0000321,HP:0010803|HP:0010804,HP:0000490,HP:0001169|HP:0004279,HP:0000679,HP:0004324,HP:0012743,HP:0000741,HP:0003474,HP:0003474,HP:0001263,HP:0100543,HP:0002463,HP:0006979,HP:0007018,HP:0100851,HP:0100710,HP:0000733,HP:0100716,HP:0001265,HP:0000370,HP:0001600,HP:0000365,HP:0002650,HP:0010952,HP:0000220,HP:0000486,HP:5200291,HP:0003124,HP:0002155,HP:0001627,HP:0001250,HP:0002720",99,1,17,1.0,NM_030665.4
UC1_IMGGE_45,4,2,2,,,99,2,,,99,,Kabuki 1,,,,1,1,1,2,1,,,1,,99,1,,,,,,,,,,,1,,,,,,,,,,,,,,,1,,,30.0,,,1,,Serbia,03/03/1989,,99,,2,2,,1,KMT2D,Chr12_49054753_T_C,--,Heterozygous,"HP:0001508,HP:0001513,HP:0000592,HP:0000486,HP:0000508,HP:0000589,HP:0200057,HP:0000411,HP:0000378,HP:0008523,HP:0000174,HP:0007655,HP:0002553,HP:0011229,HP:0002000|HP:0000437,HP:0002265,HP:0000411,HP:0000378,HP:0000668|HP:0000690|HP:0200161|HP:4000093|HP:0011057,HP:0006482,HP:0000687,HP:0001627,HP:0045017,HP:0001680,HP:0011625,HP:0001633,HP:0001710,HP:0011968,HP:0002275,HP:0002015,HP:0002020,HP:0000077,HP:0001382,HP:0002650,HP:0002808,HP:0001212,HP:0010314,HP:0004322,HP:0002719,HP:0002720,HP:0000819,HP:0001249,HP:0001252",99,2,12,1.0,NM_003482.4
UC1_IMGGE_46,1,99,99,,,1,99,,,99,,22q11.2 deletion,,,,1,1,1,2,1,,,1,,1,1,,,,,,,,,,,1,,,,,,,,,,,,,,,1,,,14.5,,60.0,1,,Serbia,20/08/1994,,1,,2,2,,1,Del22q11,Del22q11,,,"HP:0001627,HP:0001679,HP:0000174,HP:0011968,HP:0002019,HP:0031379,HP:0011839,HP:0001915,HP:0002901,HP:0001513,HP:0031703,HP:0005105,HP:0000347,HP:0001363,HP:0030026,HP:0000411,HP:0000407|HP:0000405,HP:0000414,HP:0000430,HP:0000456,HP:0000252,HP:0001250,HP:0002389,HP:0011342,HP:0000739,HP:0030223,HP:0002693,HP:0003319,HP:0005881,HP:0002650,HP:0003312,HP:0002999,HP:0000003",2,1,22,,
UC1_IMGGE_47,1,1,2,,,99,1,,,2,,Kabuki 2,,,,3,20,1,2,2,,,1,,2,1,,,,,,,,,,,1,,,,,,,,,,,,,,,1,,,,,72.5,99,,Serbia,06/12/1983,,99,,2,99,,1,KMT2D,Chr12_49032761_G_A,p.Arg3982Ter,Heterozygous,"HP:0001508,HP:0001513,HP:0008897,HP:0000589,HP:0000481,HP:0000411,HP:0000378,HP:0012781,HP:0000218,HP:0007655,HP:0002553,HP:0011229,HP:0002000|HP:0000437,HP:0002265,HP:0000411,HP:0000378,HP:0000668|HP:0000690|HP:0200161|HP:4000093|HP:0011057,HP:0001627,HP:0045017,HP:0001680,HP:0011968,HP:0002275,HP:0002015,HP:0002020,HP:0000077,HP:0001382,HP:0001212,HP:0004322,HP:0002719,HP:0005432,HP:0002720,HP:0001973,HP:0001249,HP:0007018",2,2,12,1.0,NM_003482.4
UC1_IMGGE_48,1,1,1,,,1,99,,,99,,Kleefstra,,,,1,4,1,2,3,,,1,,1,1,,,,,,,,,,,1,,,,,,,,,,,,,,,1,,,,,,1,,Serbia,06/01/1983,,1,,99,2,,1,EHMT1,Chr9_137717048_C_T,p.Gln170Ter,Heterozygous,"HP:0000248,HP:0000337,HP:0000534,HP:0000582,HP:0011800,HP:0000391,HP:0003196,HP:0000463,HP:0000232,HP:0010804,HP:0010808,HP:0000303,HP:0001249,HP:0006863,HP:0000733,HP:0100716,HP:0000540,HP:0000365,HP:0001631,HP:0001629,HP:0001647,HP:0001642,HP:0000083,HP:0000028,HP:0011152,HP:0001250,HP:0001762",2,2,9,1.0,NM_024757.5
UC1_IMGGE_49,3,1,2,,,2,2,,,99,,CSS,,,,3,20,1,2,3,,,1,,2,1,,,,,,,,,,,1,,,,,,,,,,,,,,,1,,,,,47.0,99,,Serbia,30/06/1981,,1,,99,2,,1,any,,,,"HP:0000280,HP:0000574,HP:0011231,HP:0005280,HP:0000463,HP:0000455,HP:0000289,HP:0000179,HP:0001382,HP:0100790,HP:0000998,HP:0002209,HP:0000002,HP:0005832,HP:0000508,HP:0002719,HP:0001671",2,1,,,
UC1_IMGGE_50,4,1,2,,,2,99,,,99,,Kabuki 1,,,,10,20,1,2,1,,,1,,2,1,,,,,,,,,,,1,,,,,,,,,,,,,,,1,,,,,14.5,2,,Serbia,05/02/1982,,2,,2,1,,1,KMT2D,Chr12_49033921_T_C,p.Tyr3595Cys,Heterozygous,"HP:0000592,HP:0000508,HP:0200057,HP:0000481,HP:0000411,HP:0000378,HP:0012781,HP:0000174,HP:0007655,HP:0002553,HP:0011229,HP:0002000|HP:0000437,HP:0002265,HP:0000411,HP:0000378,HP:0001627,HP:0045017,HP:0001647,HP:0001633,HP:0011968,HP:0002015,HP:0002020,HP:0000077,HP:0002808,HP:0001212,HP:0004322,HP:0002719,HP:0005432,HP:0002720,HP:0001249",1,2,12,1.0,NM_003482.4
UC1_IMGGE_51,100,99,1,,,1,1,,,2,,Rubinstein-Taybi 1,,,,2,20,1,2,2,,,1,,99,1,,,,,,,,,,,1,,,,,,,,,,,,,,,1,,,,,89.0,99,,Serbia,22/07/2008,,99,,2,99,,1,any,,,,"HP:0008897,HP:0001513,HP:0000486,HP:0000539,HP:0000579,HP:0000518,HP:0000589,HP:0000639,HP:0008007,HP:0000481,HP:0008046,HP:0002870,HP:0000347,HP:0001601,HP:0001647,HP:0001660,HP:0012210,HP:0000126,HP:0000081,HP:0000076,HP:0000787,HP:0000028,HP:0011968,HP:0002020,HP:0002019,HP:0002566,HP:0002027,HP:0025085,HP:0012732,HP:0006156,HP:0010100,HP:0003084,HP:0046508,HP:0001250,HP:0000678,HP:0000695,HP:0011087,HP:0006297,HP:0003006,HP:0001263,HP:0000750,HP:0100710,HP:0000736,HP:0000712,HP:0031432,HP:0100025,HP:0012534,HP:0000718,HP:0001273,HP:0006989,HP:0033745,HP:0012794",99,1,,,
UC1_IMGGE_52,4,1,2,,,2,99,,,99,,Kabuki 2,,,,10,1,1,2,2,,,1,,1,1,,,,,,,,,,,1,,,,,,,,,,,,,,,1,,,32.5,,75.0,99,,Serbia,15/08/2015,,1,,2,1,,1,any,,,,"HP:0001508,HP:0001513,HP:0000592,HP:0000486,HP:0000411,HP:0000378,HP:0008523,HP:0000174,HP:0000218,HP:0007655,HP:0002553,HP:0011229,HP:0002000|HP:0000437,HP:0002265,HP:0000411,HP:0000378,HP:0006482,HP:0001627,HP:0045017,HP:0001680,HP:0001639,HP:0011968,HP:0002275,HP:0002015,HP:0002020,HP:0001382,HP:0002650,HP:0001212,HP:0002719,HP:0005432,HP:0001249,HP:0001252",1,2,,,
UC1_IMGGE_53,4,1,99,,,1,2,,,2,,Rubinstein-Taybi 1,,,,3,2,1,2,3,,,1,,99,1,,,,,,,,,,,1,,,,,,,,,,,,,,,1,,,15.0,,,2,,Serbia,04/06/1988,,99,,1,1,,1,any,,,,"HP:0008897,HP:0000252,HP:0001513,HP:0000486,HP:0000539,HP:0000508,HP:0000579,HP:0000518,HP:0000639,HP:0008007,HP:0000481,HP:0008046,HP:0002870,HP:0000347,HP:0002780,HP:0001631,HP:0000047,HP:0000076,HP:0000787,HP:0000028,HP:0011968,HP:0002020,HP:0002019,HP:0002566,HP:0002027,HP:0025085,HP:0012732,HP:0006156,HP:0010100,HP:0003084,HP:0002144,HP:0000678,HP:0000689,HP:0000668,HP:0011069,HP:0000695,HP:0011087,HP:0006297,HP:0012710,HP:0002090,HP:0003006,HP:0002859,HP:0001263,HP:0000750,HP:0100710,HP:0000736,HP:0000712,HP:0031432,HP:0000729,HP:0001273,HP:0006989,HP:0012794,HP:0001252",99,1,,,
UC1_IMGGE_54,4,99,2,,,1,2,,,1,,Noonan,,,,1,2,1,2,2,,,1,,99,1,,,,,,,,,,,1,,,,,,,,,,,,,,,1,,,,,,1,,Serbia,01/04/1984,,1,,1,1,,1,SOS2,Chr14_50161551_G_C,p.Thr376Ser,Heterozygous,"HP:0000478,HP:0001382,HP:0000028,HP:0001627,HP:0000365,HP:0000978,HP:0001561,HP:0025701,HP:0010880,HP:0000476,HP:0002202,HP:0001541,HP:0004482,HP:0031481,HP:0003115,HP:0009088,HP:0002463,HP:0000737,HP:0000739,HP:0000348,HP:0000316|HP:0000494,HP:0000358,HP:0000288,HP:0000215,HP:0002162,HP:0000520,HP:0008050,HP:0000316,HP:0000508,HP:0005280,HP:0012810,HP:0001782,HP:0000298,HP:0000325,HP:0000290,HP:0000472,HP:0000917,HP:0000767,HP:0000347,HP:0000218,HP:0000508,HP:0000486,HP:0000539,HP:0000646,HP:0000639,HP:0001252",2,1,14,,NM_006939.4
UC1_IMGGE_55,1,1,2,,,1,2,,,2,,PKU,,,,3,4,1,2,2,,,1,,2,1,,,,,,,,,,,1,,,,,,,,,,,,,,,1,,,56.0,,94.5,99,,Serbia,22/07/2020,,99,,1,2,,2,PAH,Chr12_102852929_C_T,p.Arg243Gln,Homozygous,"HP:0001249,HP:0100022,HP:0001250,HP:0000252,HP:0001010,HP:0005599,HP:0000964,HP:0001680,HP:0001642|HP:0010882",1,2,12,2.0,NM_000277.3
UC1_IMGGE_56,2,1,1,,,99,99,,,99,,Kleefstra,,,,2,4,1,2,1,,,1,,1,1,,,,,,,,,,,1,,,,,,,,,,,,,,,1,,,,,33.0,99,,Serbia,20/07/1992,,99,,1,2,,1,EHMT1,Chr9_137818100_C_T,p.Arg1168Ter,Heterozygous,"HP:0001513,HP:0000248,HP:0000337,HP:0000582,HP:0011800,HP:0000391,HP:0003196,HP:0000463,HP:0000232,HP:0010804,HP:0010808,HP:0000303,HP:0001249,HP:0006863,HP:0002360,HP:0000733,HP:0100716,HP:0000717,HP:0000365,HP:0001629,HP:0001680,HP:0000054,HP:0011152,HP:0001762,HP:0002779,HP:0001252",99,2,9,1.0,NM_024757.5
UC1_IMGGE_57,3,1,2,,,99,99,,,1,,22q11.2 deletion,,,,10,1,1,2,1,,,1,,1,1,,,,,,,,,,,1,,,,,,,,,,,,,,,1,,,12.0,,23.0,99,,Serbia,13/06/1989,,99,,1,1,,1,Del22q11,Del22q11,,,"HP:0001627,HP:0000175,HP:5201016|HP:0000220,HP:0002019,HP:0031379,HP:0011839,HP:0011108,HP:0001878,HP:0004322,HP:0001513,HP:0012841,HP:0031703,HP:0005105,HP:0000396,HP:0030026,HP:0000378,HP:0008771,HP:0000411,HP:0004467,HP:0000402,HP:0000426,HP:0000414,HP:0000430,HP:0000456,HP:0025788,HP:0002126,HP:0012736,HP:0000750,HP:0010864,HP:0000739,HP:0030223,HP:0002693,HP:0002691,HP:0001999,HP:0000126,HP:0002101",1,2,22,,
UC1_IMGGE_58,3,1,99,,,1,1,,,99,,Noonan,,,,2,1,1,2,1,,,1,,1,1,,,,,,,,,,,1,,,,,,,,,,,,,,,1,,,,,38.0,1,,Serbia,13/07/2000,,1,,2,1,,1,PTPN11,Chr12_112450398_C_T,p.Thr73Ile,Heterozygous,"HP:0000478,HP:0001382,HP:0000028,HP:0001627,HP:0000365,HP:0000978,HP:0001561,HP:0100763,HP:0010880,HP:0000476,HP:0002202,HP:0003115,HP:0011443,HP:0009088,HP:0031466,HP:0000739,HP:0000348,HP:0000316|HP:0000494,HP:0000358,HP:0000288,HP:0000520,HP:0008050,HP:0000316,HP:0000508,HP:0005280,HP:0012810,HP:0001782,HP:0000298,HP:0000325,HP:0000290,HP:0000472,HP:0000917,HP:0000767,HP:0040064,HP:0000678,HP:0000508,HP:0000486,HP:0000539,HP:0000646,HP:0000639,HP:0001252",1,1,12,,NM_002834.5
UC1_IMGGE_59,3,1,99,,,2,2,,,2,,Tatton-Brown-Rahman,,,,10,2,1,2,3,,,1,,1,1,,,,,,,,,,,1,,,,,,,,,,,,,,,1,,,11.5,,97.0,1,,Serbia,30/06/1981,,2,,1,2,,1,DNMT3A,Chr2_25240315_G_A,p.Ser770Leu,Heterozygous,"HP:0000098,HP:0000256,HP:0025502,HP:0002342,HP:0000729,HP:5200430,HP:0002761,HP:0001250,HP:0000675,HP:0001252",1,2,2,1.0,NM_022552.5
UC1_IMGGE_60,2,99,1,,,1,1,,,1,,Phelan-McDermid,,,,10,3,1,2,2,,,1,,99,1,,,,,,,,,,,1,,,,,,,,,,,,,,,1,,,97.5,,38.5,2,,Serbia,28/07/2019,,99,,99,1,,1,Del22q13.33,Del22q13.33,,,"HP:0001263,HP:0001249,HP:0000750,HP:0100753,HP:0012534,HP:0012448,HP:0007204,HP:0002011,HP:0002360,HP:0000010,HP:0012210,HP:0001004,HP:0000527,HP:0000445,HP:0000629,HP:0001659,HP:0005180",99,2,22,1.0,
UC1_IMGGE_61,3,1,99,,,2,2,,,99,,Smith-Magenis,,,,3,1,1,2,1,,,1,,99,1,,,,,,,,,,,1,,,,,,,,,,,,,,,1,,,,,,99,,Serbia,30/03/1986,,1,,2,2,,1,RAI1,Chr17_17795712_AG_.,p.Glu923fs,Heterozygous,"HP:0000248,HP:0011800,HP:0000303,HP:0000283,HP:0000321,HP:0010803|HP:0010804,HP:0000490,HP:0001169|HP:0004279, HP:0011051,HP:0000679,HP:0004324,HP:0012743,HP:0000741,HP:0003474,HP:0003474,HP:0100543,HP:0002463,HP:0006979,HP:0007018,HP:0100710,HP:0000733,HP:0100716,HP:0009830,HP:0001600,HP:0010780,HP:0001609,HP:0004322,HP:0010952,HP:0005607,HP:0000220,HP:0000486,HP:0000545,HP:0000525,HP:0000482,HP:5200291,HP:0012450,HP:0000717,HP:0010978,HP:0002720,HP:0001252",1,1,17,1.0,NM_030665.4
UC1_IMGGE_62,100,2,99,,,99,2,,,99,,CHARGE,,,,3,20,1,2,1,,,1,,2,1,,,,,,,,,,,1,,,,,,,,,,,,,,,1,,,,,29.0,99,,Serbia,13/01/1998,,99,,99,1,,1,CHD7,Chr8_60845042_C_T,p.Arg1677Ter,Heterozygous,"HP:0000589,HP:0004409,HP:0000458,HP:0000407,HP:0001751,HP:0030895,HP:0031703,HP:0000175,HP:0000044,HP:0001263,HP:0011968,HP:0010558,HP:0001320,HP:0031165",1,1,8,1.0,NM_017780.4
UC1_IMGGE_63,100,2,1,,,1,2,,,2,,Phelan-McDermid,,,,1,4,1,2,3,,,1,,99,1,,,,,,,,,,,1,,,,,,,,,,,,,,,1,,,,,92.0,99,,Serbia,14/10/2004,,99,,2,99,,1,Del22q13.33,Del22q13.33,,,"HP:0001263,HP:0001249,HP:0000750,HP:5200242,HP:0001250,HP:0002119,HP:0100702,HP:0012762,HP:0002360,HP:0000508,HP:0000010,HP:0000020,HP:0000107,HP:0100658,HP:0000307,HP:0000414,HP:0000629",2,2,22,1.0,
UC1_IMGGE_64,1,2,1,,,99,1,,,99,,Kabuki 1,,,,1,1,1,2,1,,,1,,2,1,,,,,,,,,,,1,,,,,,,,,,,,,,,1,,,,,94.0,2,,Serbia,26/04/2012,,2,,99,2,,1,KMT2D,Chr12_49041928_C_.,p.Ala2058fs,Heterozygous,"HP:0008897,HP:0000592,HP:0200057,HP:0000411,HP:0000378,HP:0000218,HP:0007655,HP:0002553,HP:0011229,HP:0002000|HP:0000437,HP:0002265,HP:0000411,HP:0000378,HP:0000668|HP:0000690|HP:0200161|HP:4000093|HP:0011057,HP:0006482,HP:0000689,HP:0001627,HP:0045017,HP:0001680,HP:0001633,HP:0004383,HP:0002275,HP:0000077,HP:0001212,HP:0010314,HP:0004322,HP:0000821,HP:0002719,HP:0005432,HP:0002720,HP:0000819,HP:0031165,HP:0007018,HP:0001252",99,1,12,1.0,NM_003482.4
UC1_IMGGE_65,2,99,99,,,2,1,,,1,,Tatton-Brown-Rahman,,,,2,4,1,2,1,,,1,,2,1,,,,,,,,,,,1,,,,,,,,,,,,,,,1,,,,,,99,,Serbia,28/10/1981,,2,,1,99,,1,DNMT3A,Chr2_25247715_C_T,p.Trp297Ter,Heterozygous,"HP:0001548,HP:0000098,HP:0002342,HP:0000729,HP:6000352,HP:0001373,HP:0011228,HP:0010536",2,2,2,1.0,NM_022552.5
UC1_IMGGE_66,2,1,2,,,1,1,,,99,,Phelan-McDermid,,,,1,1,1,2,1,,,1,,1,1,,,,,,,,,,,1,,,,,,,,,,,,,,,1,,,,,22.5,99,,Serbia,12/05/2006,,2,,2,99,,1,Del22q13.33,Del22q13.33,,,"HP:0001263,HP:0001249,HP:0000750,HP:0000817,HP:0003763,HP:0012534,HP:0012448,HP:0007204,HP:0002011,HP:0100702,HP:0012762,HP:0002360,HP:0000508,HP:0000020,HP:0012210,HP:0002020,HP:0000445,HP:0001155,HP:0005180,HP:0001252",2,2,22,1.0,
UC1_IMGGE_67,4,99,1,,,2,1,,,1,,Williams,,,,10,1,1,2,1,,,1,,1,1,,,,,,,,,,,1,,,,,,,,,,,,,,,1,,,45.0,,40.5,2,,Serbia,04/06/2015,,2,,99,99,,1,Del7q11.23,Del7q11.23,,,"HP:0001263,HP:0100025,HP:0031466,HP:0000739,HP:0007018,HP:0100545,HP:0004381,HP:0004969,HP:0000822,HP:0005184,HP:0000540,HP:5200060,HP:0000407,HP:0000691,HP:0011968,HP:0000023,HP:0001382,HP:0001609,HP:0001027,HP:0004322,HP:0000826,HP:0003072,HP:0002150,HP:0000819,HP:0000252,HP:0000337,HP:0000341,HP:0000629,HP:0012775,HP:0000486,HP:0003196,HP:0000455,HP:0000272,HP:0000343,HP:0000179|HP:0000215,HP:0000154,HP:0000689,HP:0000347,HP:0009748,HP:0000286,HP:0000293,HP:0000692,HP:0000276,HP:0200021,HP:0001252",1,1,17,1.0,
UC1_IMGGE_68,2,1,99,,,2,1,,,1,,Phelan-McDermid,,,,10,4,1,2,2,,,1,,2,1,,,,,,,,,,,1,,,,,,,,,,,,,,,1,,,,,,2,,Serbia,08/04/2001,,2,,99,1,,1,Del22q13.33,Del22q13.33,,,"HP:0001263,HP:0001249,HP:0000750,HP:0000718,HP:0001274,HP:0002119,HP:0007204,HP:0002280,HP:0012762,HP:0002360,HP:0000076,HP:0000445,HP:0001176,HP:0001252",2,2,22,1.0,
UC1_IMGGE_69,2,1,1,,,2,99,,,1,,Noonan,,,,3,4,1,2,2,,,1,,1,1,,,,,,,,,,,1,,,,,,,,,,,,,,,1,,,,,37.5,99,,Serbia,12/08/1990,,2,,1,99,,1,PTPN11,Chr12_112488465_A_C,p.Thr468Pro,Heterozygous,"HP:0000478,HP:0004322,HP:0000766,HP:0000028,HP:0000365,HP:0000978,HP:0100763,HP:0010880,HP:0000476,HP:0001541,HP:0011968,HP:0003115,HP:0009088,HP:0000737,HP:0010946,HP:0000348,HP:0000316|HP:0000494,HP:0000358,HP:0000288,HP:0000215,HP:0000520,HP:0008050,HP:0000316,HP:0000508,HP:0005280,HP:0012810,HP:0001782,HP:0000298,HP:0000325,HP:0000290,HP:0000472,HP:0000767,HP:0040402,HP:0000347,HP:0000218,HP:0000678,HP:0000508,HP:0000486,HP:0000539,HP:0000646,HP:0000639,HP:0001252",1,1,12,,NM_002834.5
UC1_IMGGE_70,1,99,99,,,2,2,,,1,,22q11.2 deletion,,,,10,4,1,2,1,,,1,,99,1,,,,,,,,,,,1,,,,,,,,,,,,,,,1,,,15.0,,,99,,Serbia,09/09/2013,,1,,2,2,,1,Del22q11,Del22q11,,,"HP:5201016,HP:0000220,HP:0000829,HP:0002901,HP:0000508,HP:0012841,HP:0031703,HP:0000347,HP:0030026,HP:0000378,HP:0008771,HP:0000411,HP:0004467,HP:0000402,HP:0000407|HP:0000405,HP:0000426,HP:0000414,HP:0000430,HP:0001250,HP:0025788,HP:0012736,HP:0000750,HP:0001256,HP:0000739,HP:0002693,HP:0002691,HP:0001999,HP:0012303,HP:0003319,HP:0005881",1,2,22,,
UC1_IMGGE_71,2,99,2,,,2,99,,,99,,Rubinstein-Taybi 2,,,,2,1,1,2,1,,,1,,99,1,,,,,,,,,,,1,,,,,,,,,,,,,,,1,,,29.0,,,1,,Serbia,09/09/2014,,99,,2,1,,1,CREBBP,Chr16_3810625_G_T,p.Ser318Ter,Heterozygous,"HP:0008897,HP:0000252,HP:0000539,HP:0000508,HP:0000579,HP:0000518,HP:0000639,HP:0008007,HP:0000481,HP:0008046,HP:0002870,HP:0000347,HP:0002779,HP:0001631,HP:0001629,HP:0001660,HP:0001650,HP:0010775,HP:0000028,HP:0011968,HP:0002020,HP:0002019,HP:0002566,HP:0002027,HP:0025085,HP:0012732,HP:0006156,HP:0010100,HP:0002999,HP:0001382,HP:0100711,HP:0003084,HP:0046508,HP:0005667,HP:0000678,HP:0000668,HP:0011069,HP:0000695,HP:0011087,HP:0010562,HP:0002090,HP:0001263,HP:0000750,HP:0000736,HP:0000712,HP:0031432,HP:0012534,HP:0100716,HP:0001273,HP:0006989,HP:0033745,HP:0001252",99,1,16,1.0,NM_004380.3
UC1_IMGGE_72,100,99,99,,,1,1,,,1,,Kabuki 2,,,,10,20,1,2,2,,,1,,2,1,,,,,,,,,,,1,,,,,,,,,,,,,,,1,,,,,,2,,Serbia,15/03/2014,,99,,1,99,,1,KMT2D,Chr12_49051716_A_.,p.Leu656fs,Heterozygous,"HP:0001508,HP:0000486,HP:0000589,HP:0200057,HP:0000411,HP:0000378,HP:0008523,HP:0012781,HP:0410030,HP:0000218,HP:0007655,HP:0002553,HP:0011229,HP:0002000|HP:0000437,HP:0002265,HP:0000411,HP:0000378,HP:0000668|HP:0000690|HP:0200161|HP:4000093|HP:0011057,HP:0040220,HP:0001627,HP:0045017,HP:0001680,HP:0004383,HP:0011968,HP:0002275,HP:0002015,HP:0000077,HP:0001382,HP:0002650,HP:0001212,HP:0004322,HP:0005432,HP:0002720,HP:0001249,HP:0007018,HP:0001252",1,2,12,1.0,NM_003482.4
UC1_IMGGE_73,1,1,99,,,99,2,,,2,,PKU,,,,1,4,1,2,1,,,1,,1,1,,,,,,,,,,,1,,,,,,,,,,,,,,,1,,,40.5,,,99,,Serbia,10/12/2010,,99,,99,1,,2,PAH,Chr12_102852935_C_A,p.Arg241Leu,Homozygous,"HP:0001249,HP:0100022,HP:0001250,HP:0000252,HP:0001010,HP:0005599,HP:0000964,HP:0001511",2,2,12,2.0,NM_000277.3
UC1_IMGGE_74,100,99,99,,,99,99,,,2,,Kabuki 1,,,,10,2,1,2,2,,,1,,2,1,,,,,,,,,,,1,,,,,,,,,,,,,,,1,,,36.0,,25.0,2,,Serbia,12/04/1998,,2,,99,1,,1,KMT2D,Chr12_49046632_GGGG_GGGGG,p.Lys1466fs,Heterozygous,"HP:0001513,HP:0008897,HP:0000486,HP:0000508,HP:0000589,HP:0200057,HP:0000481,HP:0000411,HP:0000378,HP:0008523,HP:0012781,HP:0007655,HP:0002553,HP:0011229,HP:0002000|HP:0000437,HP:0002265,HP:0000411,HP:0000378,HP:0000668|HP:0000690|HP:0200161|HP:4000093|HP:0011057,HP:0000689,HP:0001627,HP:0045017,HP:0011968,HP:0002275,HP:0002015,HP:0002020,HP:0000126,HP:0001212,HP:0004322,HP:0002719,HP:0005432,HP:0001249,HP:0007018",2,2,12,1.0,NM_003482.4
UC1_IMGGE_75,4,1,1,,,2,99,,,2,,PKU,,,,10,4,1,2,2,,,1,,1,1,,,,,,,,,,,1,,,,,,,,,,,,,,,1,,,,,79.5,1,,Serbia,07/10/2002,,1,,2,1,,2,PAH,Chr12_102894900_GGGT_TGGG,p.Thr63_His64delinsProAsn,Homozygous,"HP:0001249,HP:0100022,HP:0001250,HP:0000252,HP:0001010,HP:0005599,HP:0000964,HP:0006695,HP:0001636,HP:0011100",1,2,12,2.0,NM_000277.3
UC1_IMGGE_76,100,1,2,,,1,1,,,2,,Phelan-McDermid,,,,10,1,1,2,3,,,1,,99,1,,,,,,,,,,,1,,,,,,,,,,,,,,,1,,,,,66.0,2,,Serbia,22/09/2019,,99,,99,99,,1,Del22q13.33,Del22q13.33,,,"HP:0001263,HP:0001249,HP:0000750,HP:5200242,HP:0012534,HP:0001250,HP:0007204,HP:0002011,HP:0100702,HP:0008762,HP:0012762,HP:0000527,HP:0000445,HP:0000431,HP:0001252",99,2,22,1.0,
UC1_IMGGE_77,4,2,1,,,2,2,,,2,,22q11.2 deletion,,,,10,1,1,2,3,,,1,,1,1,,,,,,,,,,,1,,,,,,,,,,,,,,,1,,,26.0,,,1,,Serbia,30/11/2009,,1,,99,2,,1,Del22q11,Del22q11,,,"HP:0001629,HP:0001679,HP:0000174,HP:0000175,HP:5201016,HP:0002019,HP:0004322,HP:0031703,HP:0000347,HP:0001363,HP:0000396,HP:0030026,HP:0000378,HP:0004467,HP:0000402,HP:0000407|HP:0000405,HP:0000414,HP:0000430,HP:0000456,HP:0002389,HP:0011342,HP:0012736,HP:0000750,HP:0000739,HP:0030223,HP:5200310,HP:0002693,HP:0002691,HP:0001999,HP:0012303,HP:0003319,HP:0000104,HP:0001252",2,1,22,,
UC1_IMGGE_78,1,99,1,,,2,2,,,2,,Smith-Magenis,,,,2,1,1,2,1,,,1,,1,1,,,,,,,,,,,1,,,,,,,,,,,,,,,1,,,,,,1,,Serbia,18/10/2018,,1,,1,2,,1,RAI1,Chr17_17795712_AG_.,p.Glu923fs,Heterozygous,"HP:0000248,HP:0000303,HP:0000321,HP:0000490,HP:0001169|HP:0004279, HP:0011051,HP:0000679,HP:0012743,HP:0003474,HP:0003474,HP:0001263,HP:0100543,HP:0002463,HP:0006979,HP:0007018,HP:0000733,HP:0100716,HP:0001265,HP:0009830,HP:0000370,HP:0001600,HP:0000365,HP:0001609,HP:0010952,HP:0005607,HP:0000220,HP:0000545,HP:0000525,HP:5200291,HP:0003124,HP:0002155,HP:0012450,HP:0002720,HP:0001252",99,1,17,1.0,NM_030665.4
UC1_IMGGE_79,1,1,99,,,2,2,,,99,,22q11.2 deletion,,,,10,1,1,2,3,,,1,,99,1,,,,,,,,,,,1,,,,,,,,,,,,,,,1,,,81.0,,,99,,Serbia,05/07/1999,,2,,1,99,,1,Del22q11,Del22q11,,,"HP:0001627,HP:0001643,HP:0000174,HP:5201016,HP:0000220,HP:0011968,HP:0002019,HP:0005435,HP:0000836,HP:0002608,HP:0002901,HP:0031703,HP:0000347,HP:0001363,HP:0000396,HP:0030026,HP:0000378,HP:0008771,HP:0004467,HP:0000426,HP:0002389,HP:0000750,HP:0100710|HP:0100962,HP:0000739,HP:0030223,HP:5200310,HP:0002693,HP:0002691,HP:0001999,HP:0012303,HP:0005881,HP:0000104,HP:0000126,HP:0001252",1,1,22,,
UC1_IMGGE_80,2,2,2,,,1,1,,,99,,Smith-Magenis,,,,2,4,1,2,2,,,1,,99,1,,,,,,,,,,,1,,,,,,,,,,,,,,,1,,,99.5,,49.5,1,,Serbia,21/10/2010,,99,,99,1,,1,RAI1,Chr17_17797629_C_T,p.Arg1561Ter,Heterozygous,"HP:0000248,HP:0011800,HP:0000303,HP:0000283,HP:0000321,HP:0001169|HP:0004279, HP:0011051,HP:0004324,HP:0012743,HP:0000741,HP:0003474,HP:0001263,HP:0100543,HP:0002463,HP:0006979,HP:0100851,HP:0100710,HP:0000733,HP:0001265,HP:0009830,HP:0000370,HP:0001600,HP:0000365,HP:0010780,HP:0001609,HP:0004322,HP:0000220,HP:0000486,HP:0000525,HP:5200291,HP:0003124,HP:0012450,HP:0000717,HP:0002353,HP:0001252",2,1,17,1.0,NM_030665.4
UC1_IMGGE_81,2,99,99,,,99,99,,,99,,Kabuki 2,,,,3,2,1,2,3,,,1,,2,1,,,,,,,,,,,1,,,,,,,,,,,,,,,1,,,75.0,,,99,,Serbia,26/06/2009,,1,,99,99,,1,KMT2D,Chr12_49049939_T_TT,p.Ser1217fs,Heterozygous,"HP:0001508,HP:0001513,HP:0008897,HP:0000592,HP:0000411,HP:0000378,HP:0008523,HP:0410030,HP:0007655,HP:0002553,HP:0011229,HP:0002000|HP:0000437,HP:0002265,HP:0000411,HP:0000378,HP:0040220,HP:0000687,HP:0001627,HP:0045017,HP:0001680,HP:0011625,HP:0001633,HP:0011968,HP:0002015,HP:0002020,HP:0000077,HP:0001382,HP:0002650,HP:0001212,HP:0004322,HP:0002719,HP:0002720,HP:0001249,HP:0007018,HP:0001252",99,2,12,1.0,NM_003482.4
UC1_IMGGE_82,100,2,99,,,2,99,,,1,,Smith-Magenis,,,,10,3,1,2,3,,,1,,99,1,,,,,,,,,,,1,,,,,,,,,,,,,,,1,,,,,42.0,2,,Serbia,21/05/2017,,2,,99,1,,1,RAI1,Chr17_17795712_AG_.,p.Glu923fs,Heterozygous,"HP:0000248,HP:0011800,HP:0000303,HP:0000283,HP:0000321,HP:0010803|HP:0010804,HP:0000490,HP:0001169|HP:0004279, HP:0011051,HP:0000679,HP:0004324,HP:0012743,HP:0003474,HP:0001263,HP:0100543,HP:0002463,HP:0006979,HP:0100851,HP:0000733,HP:0100716,HP:0001265,HP:0000370,HP:0001600,HP:0000365,HP:0010780,HP:0001609,HP:0004322,HP:0010952,HP:0000220,HP:0000545,HP:0000525,HP:5200291,HP:0012450,HP:0011772,HP:0002720,HP:0001252",99,1,17,1.0,NM_030665.4
UC1_IMGGE_83,4,1,2,,,2,99,,,2,,Tatton-Brown-Rahman,,,,10,20,1,2,2,,,1,,1,1,,,,,,,,,,,1,,,,,,,,,,,,,,,1,,,10.0,,,1,,Serbia,02/08/2001,,1,,2,1,,1,DNMT3A,Chr2_25234373_C_T,p.Arg882His,Heterozygous,"HP:0000098,HP:0000256,HP:0025502,HP:0002342,HP:0000729,HP:0000718,HP:0001373,HP:0002751,HP:0008094,HP:0000675,HP:0001252",99,2,2,1.0,NM_022552.5
UC1_IMGGE_84,4,2,1,,,2,2,,,99,,CSS,,,,10,1,1,2,1,,,1,,99,1,,,,,,,,,,,1,,,,,,,,,,,,,,,1,,,56.5,,,1,,Serbia,25/07/2018,,1,,1,2,,1,any,,,,"HP:0001305,HP:0001274,HP:0100033,HP:0000280,HP:0000574,HP:0011231,HP:0005280,HP:0000455,HP:0012810,HP:0000154,HP:0000179,HP:0000294,HP:0002209,HP:0004325,HP:0000002,HP:0005832,HP:0000486",99,1,,,
UC1_IMGGE_85,100,2,1,,,1,1,,,1,,Kabuki 1,,,,1,3,1,2,3,,,1,,1,1,,,,,,,,,,,1,,,,,,,,,,,,,,,1,,,,,67.0,2,,Serbia,05/06/2013,,99,,1,99,,1,KMT2D,Chr12_49022634_G_A,p.Arg5432Trp,Heterozygous,"HP:0001508,HP:0001513,HP:0000592,HP:0000486,HP:0000508,HP:0000589,HP:0000481,HP:0000411,HP:0008523,HP:0410030,HP:0000174,HP:0000218,HP:0007655,HP:0002553,HP:0011229,HP:0002000|HP:0000437,HP:0002265,HP:0000411,HP:0000378,HP:0000668|HP:0000690|HP:0200161|HP:4000093|HP:0011057,HP:0000687,HP:0001627,HP:0045017,HP:0001680,HP:0011625,HP:0001710,HP:0002616,HP:0011968,HP:0002015,HP:0002020,HP:0000126,HP:0001212,HP:0004322,HP:0002719,HP:0002720,HP:0001249,HP:0007018,HP:0001252",1,2,12,1.0,NM_003482.4
UC1_IMGGE_86,2,99,1,,,2,99,,,99,,22q11.2 deletion,,,,3,1,1,2,1,,,1,,99,1,,,,,,,,,,,1,,,,,,,,,,,,,,,1,,,80.0,,52.5,2,,Serbia,07/05/2010,,2,,99,2,,1,Del22q11,Del22q11,,,"HP:0001627,HP:0001679,HP:0001660,HP:0000174,HP:0000220,HP:5201016|HP:0000220,HP:0002019,HP:0031379,HP:0011839,HP:0001973,HP:0000829,HP:0001513,HP:0000627,HP:0031703,HP:0005105,HP:0000347,HP:0000411,HP:0004467,HP:0000407|HP:0000405,HP:0000414,HP:0000430,HP:0000456,HP:0012736,HP:0000750,HP:0000750,HP:5200044,HP:0000739,HP:5200310,HP:0002693,HP:0012303,HP:0003319,HP:0005881,HP:0000104,HP:0000126,HP:0000670,HP:0002667,HP:0001252",99,1,22,,
UC1_IMGGE_87,2,99,1,,,99,99,,,1,,Rubinstein-Taybi 1,,,,2,4,1,2,1,,,1,,1,1,,,,,,,,,,,1,,,,,,,,,,,,,,,1,,,1.0,,,99,,Serbia,25/11/2016,,1,,1,2,,1,EP300,Chr22_41162753_AAAAAA_AAAAAAA,p.Asn1236fs,Heterozygous,"HP:0000252,HP:0001513,HP:0000486,HP:0000539,HP:0000508,HP:0000579,HP:0000518,HP:0000589,HP:0000639,HP:0008007,HP:0000481,HP:0008046,HP:0002870,HP:0000347,HP:0002779,HP:0001631,HP:0001629,HP:0001650,HP:0000047,HP:0000076,HP:0000028,HP:0011968,HP:0002020,HP:0002027,HP:0012732,HP:0006156,HP:0001382,HP:0003084,HP:0046508,HP:0000668,HP:0011069,HP:0000695,HP:0006297,HP:0030434,HP:0002859,HP:0002885,HP:0001263,HP:0100710,HP:0000736,HP:0000712,HP:0031432,HP:0007018,HP:0012534,HP:0100716,HP:0000739,HP:0001273,HP:0006989,HP:0033745",1,1,22,1.0,NM_001429.4
UC1_IMGGE_88,100,1,2,,,99,1,,,1,,Phelan-McDermid,,,,1,1,1,2,1,,,1,,99,1,,,,,,,,,,,1,,,,,,,,,,,,,,,1,,,28.5,,55.0,99,,Serbia,11/04/1984,,99,,1,99,,1,Del22q13.33,Del22q13.33,,,"HP:0001263,HP:0001249,HP:0000750,HP:5200019,HP:0003763,HP:0004372,HP:0007302,HP:0001250,HP:0007204,HP:0002280,HP:0008762,HP:0000256,HP:0000689,HP:0000527,HP:0000445,HP:0000414,HP:0000629",99,2,22,1.0,
UC1_IMGGE_89,1,2,2,,,99,1,,,1,,CHARGE,,,,2,20,1,2,2,,,1,,2,1,,,,,,,,,,,1,,,,,,,,,,,,,,,1,,,58.0,,53.5,1,,Serbia,04/10/1982,,2,,1,2,,1,CHD7,Chr8_60822651_C_T,p.Arg1036Ter,Heterozygous,"HP:0000589,HP:0004409,HP:0000458,HP:0000407,HP:0001751,HP:0030895,HP:0031703,HP:0000175,HP:0000044,HP:0001249,HP:0030680,HP:0002575,HP:0010558,HP:0000252,HP:0001305,HP:0031165",99,2,8,1.0,NM_017780.4
UC1_IMGGE_90,100,1,2,,,1,99,,,2,,Tatton-Brown-Rahman,,,,1,4,1,2,2,,,1,,99,1,,,,,,,,,,,1,,,,,,,,,,,,,,,1,,,,,,99,,Serbia,15/04/2014,,1,,99,99,,1,DNMT3A,Chr2_25240315_G_A,p.Ser770Leu,Heterozygous,"HP:0001548,HP:0000256,HP:0000739,HP:0000722,HP:0002761,HP:0001373,HP:0002751,HP:0000311|HP:0000280",2,1,2,1.0,NM_022552.5
UC1_IMGGE_91,100,99,99,,,2,2,,,1,,Rubinstein-Taybi 2,,,,1,2,1,2,2,,,1,,2,1,,,,,,,,,,,1,,,,,,,,,,,,,,,1,,,,,,1,,Serbia,04/05/1999,,99,,1,2,,1,CREBBP,Chr16_3751725_C_A,--,Heterozygous,"HP:0008897,HP:0001513,HP:0000486,HP:0000579,HP:0000518,HP:0000589,HP:0000481,HP:0002870,HP:0001601,HP:0002779,HP:0002780,HP:0001680,HP:0001642,HP:0031546,HP:0000047,HP:0000028,HP:0011968,HP:0002020,HP:0002019,HP:0002566,HP:0002027,HP:0025085,HP:0012732,HP:0006156,HP:0010100,HP:0002999,HP:0002650,HP:0002353,HP:0000678,HP:0000689,HP:0011069,HP:0000695,HP:0011087,HP:0006297,HP:0001263,HP:0100710,HP:0000736,HP:0000712,HP:0007018,HP:0100025,HP:0100716,HP:0000718,HP:0000739,HP:0006989,HP:0033745,HP:0012794",2,1,16,1.0,NM_004380.3
UC1_IMGGE_92,1,2,99,,,1,99,,,2,,Rubinstein-Taybi 1,,,,2,1,1,2,3,,,1,,1,1,,,,,,,,,,,1,,,,,,,,,,,,,,,1,,,31.5,,25.5,99,,Serbia,31/12/2010,,99,,2,99,,1,CREBBP,Chr16_3782810_G_A,p.Arg483Ter,Heterozygous,"HP:0008897,HP:0000252,HP:0001513,HP:0000539,HP:0000508,HP:0000579,HP:0000518,HP:0000589,HP:0000639,HP:0008007,HP:0000481,HP:0008046,HP:0001631,HP:0012210,HP:0000787,HP:0000010,HP:0000028,HP:0011968,HP:0002020,HP:0002019,HP:0002566,HP:0002027,HP:0025085,HP:0012732,HP:0006156,HP:0100711,HP:0003084,HP:0046508,HP:0002353,HP:0000678,HP:0000689,HP:0000668,HP:0011069,HP:0011087,HP:0000388,HP:0001263,HP:0000750,HP:0100710,HP:0000736,HP:0000712,HP:0007018,HP:0100025,HP:0006989,HP:0033745",99,1,16,1.0,NM_004380.3
UC1_IMGGE_93,2,1,99,,,2,99,,,99,,CSS,,,,10,1,1,2,2,,,1,,1,1,,,,,,,,,,,1,,,,,,,,,,,,,,,1,,,9.5,,18.5,99,,Serbia,24/09/1995,,99,,1,1,,1,any,,,,"HP:0001274,HP:0031165,HP:0000280,HP:0000574,HP:0011231,HP:0003196,HP:0000463,HP:0000289,HP:0000154,HP:0000179,HP:0001792,HP:0005832,HP:0001382,HP:0000998,HP:0000294,HP:0002209,HP:0004325,HP:0000002,HP:0005832,HP:0000486,HP:0001671,HP:0000028,HP:0001252",2,1,,,
UC1_IMGGE_94,4,1,2,,,1,1,,,99,,Kleefstra,,,,3,2,1,2,2,,,1,,99,1,,,,,,,,,,,1,,,,,,,,,,,,,,,1,,,,,,1,,Serbia,15/07/1981,,2,,2,1,,1,EHMT1,Chr9_137834401_CGTCAGCCGGTTC_C,p.Val1195_Phe1198del,Heterozygous,"HP:0001513,HP:0000248,HP:0000337,HP:0000534,HP:0000582,HP:0011800,HP:0000391,HP:0003196,HP:0000463,HP:0000232,HP:0010804,HP:0010808,HP:0000303,HP:0001249,HP:0006863,HP:0002360,HP:0100716,HP:0000540,HP:0000365,HP:0001631,HP:0001636,HP:0001642,HP:0004749,HP:0000126,HP:0000054,HP:0001250",99,2,9,1.0,NM_024757.5
UC1_IMGGE_95,4,1,1,,,99,2,,,99,,Smith-Magenis,,,,3,2,1,2,3,,,1,,99,1,,,,,,,,,,,1,,,,,,,,,,,,,,,1,,,6.0,,25.5,1,,Serbia,14/11/1992,,2,,1,99,,1,RAI1,Chr17_17795339_CCCCCC_CCCCCCC,p.Gly800fs,Heterozygous,"HP:0011800,HP:0000303,HP:0000283,HP:0000321,HP:0000490,HP:0001169|HP:0004279, HP:0011051,HP:0000679,HP:0004324,HP:0012743,HP:0000741,HP:0003474,HP:0003474,HP:0100543,HP:0002463,HP:0006979,HP:0007018,HP:0100851,HP:0100710,HP:0000733,HP:0100716,HP:0001265,HP:0009830,HP:0000370,HP:0001600,HP:0000365,HP:0010780,HP:0004322,HP:0002650,HP:0010952,HP:0000486,HP:0000545,HP:0000482,HP:0000717,HP:0001627,HP:0010978,HP:0002720,HP:0002353,HP:0410030,HP:0001252",2,1,17,1.0,NM_030665.4
UC1_IMGGE_96,3,99,99,,,2,99,,,2,,Noonan,,,,10,3,1,2,1,,,1,,1,1,,,,,,,,,,,1,,,,,,,,,,,,,,,1,,,,,,99,,Serbia,02/03/1997,,1,,2,1,,1,PTPN11,Chr12_112453279_G_T,p.Glu139Asp,Heterozygous,"HP:0004322,HP:0001382,HP:0000766,HP:0000028,HP:0001627,HP:0001642,HP:0000365,HP:0001639,HP:0000978,HP:0001561,HP:0100763,HP:0025701,HP:0000476,HP:0001541,HP:0004482,HP:0011968,HP:0003115,HP:0011443,HP:0009088,HP:0002463,HP:0000739,HP:0000086,HP:0000348,HP:0000316|HP:0000494,HP:0000358,HP:0000288,HP:0000215,HP:0000470|HP:0000474,HP:0002162,HP:0000520,HP:0008050,HP:0000316,HP:0000508,HP:0005280,HP:0012810,HP:0001782,HP:0000298,HP:0000325,HP:0000290,HP:0000472,HP:0000767,HP:0040402,HP:0000347,HP:0000678,HP:0000508,HP:0000486,HP:0000539,HP:0000646,HP:0000639",1,1,12,,NM_002834.5
UC1_IMGGE_97,100,1,2,,,2,99,,,1,,Rubinstein-Taybi 1,,,,10,4,1,2,1,,,1,,1,1,,,,,,,,,,,1,,,,,,,,,,,,,,,1,,,35.5,,,1,,Serbia,09/01/1987,,2,,2,1,,1,any,,,,"HP:0008897,HP:0000252,HP:0001513,HP:0000486,HP:0000539,HP:0000508,HP:0000579,HP:0000518,HP:0000589,HP:0000639,HP:0008007,HP:0000481,HP:0008046,HP:0000405,HP:0001601,HP:0001643,HP:0001647,HP:0010775,HP:0000081,HP:0000028,HP:0011968,HP:0002020,HP:0002566,HP:0002027,HP:0025085,HP:0012732,HP:0006156,HP:0010100,HP:0001382,HP:0100711,HP:0002650,HP:0000678,HP:0000670,HP:0000668,HP:0000695,HP:0011087,HP:0006297,HP:0000388,HP:0002858,HP:0001263,HP:0000750,HP:0100710,HP:0000736,HP:0031432,HP:0100025,HP:0000718,HP:0001273,HP:0033745,HP:0012794,HP:0001252",2,1,,,
UC1_IMGGE_98,3,2,99,,,2,1,,,1,,Kabuki 1,,,,3,3,1,2,2,,,1,,1,1,,,,,,,,,,,1,,,,,,,,,,,,,,,1,,,,,,2,,Serbia,19/03/1999,,1,,1,1,,1,KMT2D,Chr12_49053613_CCCC_CCC,p.Pro235fs,Heterozygous,"HP:0001508,HP:0000592,HP:0200057,HP:0000411,HP:0000378,HP:0008523,HP:0000218,HP:0007655,HP:0002553,HP:0011229,HP:0002000|HP:0000437,HP:0002265,HP:0000411,HP:0000378,HP:0001627,HP:0045017,HP:0001680,HP:0002015,HP:0002020,HP:0001212,HP:0010314,HP:0004322,HP:0000873,HP:0002719,HP:0005432,HP:0002720,HP:0001045,HP:0001973,HP:0001249,HP:0001252",1,2,12,1.0,NM_003482.4
UC1_IMGGE_99,3,2,1,,,2,2,,,99,,CSS,,,,3,2,1,2,1,,,1,,99,1,,,,,,,,,,,1,,,,,,,,,,,,,,,1,,,,,,2,,Serbia,18/11/2000,,2,,99,2,,1,any,,,,"HP:0031165,HP:0000280,HP:0000574,HP:0011231,HP:0005280,HP:0003196,HP:0000455,HP:0012810,HP:0000154,HP:0000219,HP:0001792,HP:0001382,HP:0000998,HP:0002209,HP:0004325,HP:0000002,HP:0005832,HP:0000696,HP:0000508,HP:0002719,HP:0001636,HP:0012211,HP:0000028",1,1,,,
UC1_IMGGE_100,2,99,2,,,99,2,,,1,,CHARGE,,,,2,3,1,2,3,,,1,,99,1,,,,,,,,,,,1,,,,,,,,,,,,,,,1,,,83.5,,83.5,1,,Serbia,25/06/1992,,99,,2,1,,1,CHD7,Chr8_60822094_AG_.,p.Arg969fs,Heterozygous,"HP:0000589,HP:0000453,HP:0004409,HP:0000458,HP:0010628,HP:0000407,HP:0001751,HP:0030895,HP:0031703,HP:0410030,HP:0000175,HP:0000044,HP:0001263,HP:0001249,HP:0030680,HP:0000246,HP:0010558,HP:0002119,HP:0001305,HP:0001320,HP:0031165",99,2,8,1.0,NM_017780.4
UC1_IMGGE_101,2,99,2,,,1,99,,,99,,Rubinstein-Taybi 1,,,,1,2,1,2,3,,,1,,2,1,,,,,,,,,,,1,,,,,,,,,,,,,,,1,,,69.5,,22.0,99,,Serbia,23/09/2006,,2,,99,1,,1,EP300,Chr22_41176400_C_T,p.Arg1645Ter,Heterozygous,"HP:0008897,HP:0000252,HP:0001513,HP:0000486,HP:0000539,HP:0000508,HP:0000579,HP:0000518,HP:0000589,HP:0000639,HP:0008007,HP:0000481,HP:0008046,HP:0000347,HP:0001601,HP:0002780,HP:0001680,HP:0001642,HP:0010775,HP:0000047,HP:0000010,HP:0000028,HP:0011968,HP:0002020,HP:0002019,HP:0002566,HP:0025085,HP:0012732,HP:0006156,HP:0010100,HP:0002999,HP:0001382,HP:0100711,HP:0003084,HP:0046508,HP:0002353,HP:0000678,HP:0000689,HP:0000670,HP:0000668,HP:0011069,HP:0000695,HP:0011087,HP:0006297,HP:0030434,HP:0002719,HP:0002859,HP:0002885,HP:0001263,HP:0000750,HP:0000736,HP:0031432,HP:0012534,HP:0000718,HP:0001273,HP:0006989,HP:0033745,HP:0012794",1,1,22,1.0,NM_001429.4
UC1_IMGGE_102,100,1,99,,,2,2,,,2,,Noonan,,,,10,1,1,2,3,,,1,,99,1,,,,,,,,,,,1,,,,,,,,,,,,,,,1,,,,,35.5,2,,Serbia,26/10/1991,,99,,1,99,,1,RRAS2,Chr11_14358793_GCCCACGCCGCCC_GCCCACGCCGCCCACGCCGCCC,p.Gly24_Gly26dup,Heterozygous,"HP:0000478,HP:0004322,HP:0001382,HP:0000766,HP:0000028,HP:0000365,HP:0001249,HP:0001561,HP:0100763,HP:0025701,HP:0000476,HP:0002202,HP:0011994,HP:0001680,HP:0011443,HP:0009088,HP:0002463,HP:0031466,HP:0000739,HP:0000348,HP:0000316|HP:0000494,HP:0000358,HP:0000288,HP:0000215,HP:0000470|HP:0000474,HP:0002162,HP:0000520,HP:0008050,HP:0000316,HP:0000508,HP:0005280,HP:0012810,HP:0001782,HP:0000298,HP:0000325,HP:0000290,HP:0000472,HP:0000917,HP:0000347,HP:0000218,HP:0000678,HP:0000508,HP:0000486,HP:0000539,HP:0000646,HP:0000639,HP:0001252",99,2,11,,NM_012250.6
UC1_IMGGE_103,4,2,99,,,99,1,,,99,,Noonan,,,,2,4,1,2,2,,,1,,99,1,,,,,,,,,,,1,,,,,,,,,,,,,,,1,,,,,,99,,Serbia,15/01/1984,,99,,2,2,,1,any,,,,"HP:0000478,HP:0001382,HP:0000028,HP:0001642,HP:0000077,HP:0000978,HP:0001561,HP:0100763,HP:0025701,HP:0002202,HP:0011968,HP:0011994,HP:0003115,HP:0000737,HP:0000716,HP:0000348,HP:0000316|HP:0000494,HP:0000358,HP:0000288,HP:0000215,HP:0000470|HP:0000474,HP:0002162,HP:0000520,HP:0008050,HP:0000316,HP:0000508,HP:0005280,HP:0012810,HP:0001782,HP:0000298,HP:0000325,HP:0000290,HP:0000472,HP:0000917,HP:0000767,HP:0040402,HP:0000218,HP:0000508,HP:0000539,HP:0000646,HP:0000639",99,1,,,
UC1_IMGGE_104,2,2,99,,,2,1,,,1,,Williams,,,,3,4,1,2,3,,,1,,99,1,,,,,,,,,,,1,,,,,,,,,,,,,,,1,,,80.5,,1.0,2,,Serbia,26/01/2009,,1,,1,2,,1,Del7q11.23,Del7q11.23,,,"HP:0001263,HP:0100025,HP:0031466,HP:0000739,HP:0007018,HP:0006979,HP:0100545,HP:0005291,HP:0004381,HP:0000822,HP:0000565,HP:0000540,HP:5200060,HP:0000691,HP:0000689,HP:0011968,HP:0001382,HP:0001609,HP:0001027,HP:0004322,HP:0000826,HP:0000252,HP:0000337,HP:0000341,HP:0000629,HP:0012775,HP:0000486,HP:0003196,HP:0000455,HP:0000272,HP:0000343,HP:0000179|HP:0000215,HP:0000154,HP:0000689,HP:0000347,HP:0009748,HP:0000286,HP:0000293,HP:0000692,HP:0000276,HP:0200021,HP:0001252",2,1,17,1.0,
UC1_IMGGE_105,2,1,2,,,99,2,,,99,,Williams,,,,2,1,1,2,1,,,1,,99,1,,,,,,,,,,,1,,,,,,,,,,,,,,,1,,,57.5,,,1,,Serbia,02/04/2003,,99,,1,1,,1,Del7q11.23,Del7q11.23,,,"HP:0001263,HP:0001256,HP:0100025,HP:0031466,HP:0000739,HP:0007018,HP:0006979,HP:0000717,HP:0100545,HP:0004381,HP:5200060,HP:0000407,HP:0000691,HP:0000689,HP:0000023,HP:0000805,HP:0001382,HP:0034392,HP:0002650,HP:0001609,HP:0001027,HP:0004322,HP:0000826,HP:0003072,HP:0000821,HP:0000819,HP:0000337,HP:0000341,HP:0000629,HP:0012775,HP:0000486,HP:0003196,HP:0000455,HP:0000272,HP:0000343,HP:0000179|HP:0000215,HP:0000154,HP:0000689,HP:0000347,HP:0009748,HP:0000286,HP:0000293,HP:0000692,HP:0000276,HP:0200021,HP:0001252",2,2,17,1.0,
UC1_IMGGE_106,100,2,1,,,2,99,,,2,,Smith-Magenis,,,,10,3,1,2,3,,,1,,1,1,,,,,,,,,,,1,,,,,,,,,,,,,,,1,,,,,,2,,Serbia,19/05/2016,,2,,1,99,,1,RAI1,Chr17_17795339_CCCCCC_CCCCCCC,p.Gly800fs,Heterozygous,"HP:0000248,HP:0011800,HP:0000303,HP:0000283,HP:0000321,HP:0000490,HP:0001169|HP:0004279, HP:0011051,HP:0000679,HP:0004324,HP:0000741,HP:0003474,HP:0003474,HP:0001263,HP:0100543,HP:0002463,HP:0006979,HP:0007018,HP:0100851,HP:0100710,HP:0000733,HP:0100716,HP:0001265,HP:0009830,HP:0000370,HP:0001600,HP:0000365,HP:0010780,HP:0001609,HP:0004322,HP:0002650,HP:0010952,HP:0005607,HP:0000486,HP:0000545,HP:0000525,HP:0000482,HP:5200291,HP:0002155,HP:0000717,HP:0010978,HP:0002353,HP:0410030,HP:0000541,HP:0001252",1,1,17,1.0,NM_030665.4
UC1_IMGGE_107,2,99,1,,,1,99,,,99,,Rubinstein-Taybi 1,,,,10,3,1,2,2,,,1,,2,1,,,,,,,,,,,1,,,,,,,,,,,,,,,1,,,28.0,,39.0,99,,Serbia,09/11/1994,,1,,1,1,,1,CREBBP,Chr16_3729711_A_G,p.Leu1779Pro,Heterozygous,"HP:0008897,HP:0000252,HP:0000486,HP:0000539,HP:0000508,HP:0000518,HP:0000589,HP:0000639,HP:0008007,HP:0000481,HP:0008046,HP:0000405,HP:0002870,HP:0000347,HP:0001601,HP:0002780,HP:0001629,HP:0001647,HP:0001650,HP:0010775,HP:0000076,HP:0011968,HP:0002020,HP:0002019,HP:0002566,HP:0002027,HP:0012732,HP:0006156,HP:0010100,HP:0002999,HP:0003084,HP:0001273,HP:0002341,HP:0000678,HP:0000689,HP:0000670,HP:0000695,HP:0011087,HP:0030434,HP:0001263,HP:0000750,HP:0100710,HP:0000712,HP:0031432,HP:0007018,HP:0100025,HP:0000739,HP:0001273,HP:0006989,HP:0033745,HP:0012794",99,1,16,1.0,NM_004380.3
UC1_IMGGE_108,100,1,2,,,1,99,,,1,,Phelan-McDermid,,,,10,1,1,2,2,,,1,,99,1,,,,,,,,,,,1,,,,,,,,,,,,,,,1,,,,,88.0,2,,Serbia,15/08/1998,,99,,99,1,,1,Del22q13.33,Del22q13.33,,,"HP:0001263,HP:0001249,HP:0000750,HP:5200316,HP:0003763,HP:0007302,HP:0012534,HP:0001250,HP:0002011,HP:0002280,HP:0100702,HP:0008762,HP:0012762,HP:0002360,HP:0000826,HP:0000689,HP:0000431,HP:0000629,HP:0001252",99,2,22,1.0,
UC1_IMGGE_109,100,99,99,,,2,99,,,99,,CSS,,,,3,2,1,2,2,,,1,,2,1,,,,,,,,,,,1,,,,,,,,,,,,,,,1,,,,,72.5,1,,Serbia,13/02/2001,,1,,99,1,,1,any,,,,"HP:0001305,HP:0031165,HP:0000574,HP:0011231,HP:0003196,HP:0009928,HP:0000219,HP:0000179,HP:0001382,HP:0100790,HP:0000998,HP:0000294,HP:0002209,HP:0004325,HP:0000002,HP:0005832,HP:0002719,HP:0001671,HP:0012211,HP:0000028,HP:0001252",99,1,,,
UC1_IMGGE_110,1,2,99,,,1,2,,,2,,CHARGE,,,,3,1,1,2,2,,,1,,99,1,,,,,,,,,,,1,,,,,,,,,,,,,,,1,,,,,,99,,Serbia,18/07/1987,,2,,1,2,,1,CHD7,Chr8_60850476_G_A,--,Heterozygous,"HP:0004409,HP:0000458,HP:0000407,HP:0001751,HP:0031703,HP:0000044,HP:0001510,HP:0001263,HP:0030680,HP:0002575,HP:0008755,HP:0002835,HP:0000246,HP:0010558,HP:0000252,HP:0001305,HP:0002079",99,1,8,1.0,NM_017780.4
UC1_IMGGE_111,4,2,1,,,2,2,,,2,,CHARGE,,,,3,3,1,2,2,,,1,,99,1,,,,,,,,,,,1,,,,,,,,,,,,,,,1,,,,,,1,,Serbia,21/09/1982,,99,,99,99,,1,CHD7,Chr8_60781069_C_T,p.Gln579Ter,Heterozygous,"HP:0000589,HP:0000452,HP:0004409,HP:0000458,HP:0000407,HP:0001751,HP:0030895,HP:0031703,HP:0000175,HP:0001510,HP:0001263,HP:0001249,HP:0030680,HP:0002020,HP:0002119,HP:0001320",99,2,8,1.0,NM_017780.4
UC1_IMGGE_112,2,1,99,,,2,1,,,1,,Tatton-Brown-Rahman,,,,3,3,1,2,2,,,1,,1,1,,,,,,,,,,,1,,,,,,,,,,,,,,,1,,,,,7.5,1,,Serbia,20/07/1990,,99,,99,99,,1,DNMT3A,Chr2_25234307_G_A,p.Pro904Leu,Heterozygous,"HP:0001548,HP:0025502,HP:0001256,HP:0002342,HP:0000729,HP:0000739,HP:0008094,HP:0001250,HP:0002308,HP:0000311|HP:0000280,HP:0011228,HP:0045025",1,2,2,1.0,NM_022552.5
UC1_IMGGE_113,2,1,99,,,99,99,,,1,,Tatton-Brown-Rahman,,,,10,2,1,2,3,,,1,,99,1,,,,,,,,,,,1,,,,,,,,,,,,,,,1,,,,,11.0,99,,Serbia,20/06/1990,,99,,99,99,,1,DNMT3A,Chr2_25247715_C_T,p.Trp297Ter,Heterozygous,"HP:0001548,HP:0000256,HP:0025502,HP:0002342,HP:0000722,HP:0002761,HP:0011228,HP:0000675,HP:0001252",1,2,2,1.0,NM_022552.5
UC1_IMGGE_114,3,2,1,,,2,1,,,2,,Rubinstein-Taybi 1,,,,2,3,1,2,2,,,1,,1,1,,,,,,,,,,,1,,,,,,,,,,,,,,,1,,,,,44.0,2,,Serbia,19/07/2001,,1,,99,1,,1,CREBBP,Chr16_3729690_C_T,p.Arg1786His,Heterozygous,"HP:0000252,HP:0001513,HP:0000539,HP:0000508,HP:0000518,HP:0000589,HP:0000639,HP:0008007,HP:0000481,HP:0008046,HP:0000407,HP:0001601,HP:0002779,HP:0002780,HP:0001629,HP:0001642,HP:0001650,HP:0010775,HP:0000047,HP:0000076,HP:0000787,HP:0000010,HP:0000028,HP:0011968,HP:0002019,HP:0002566,HP:0002027,HP:0025085,HP:0012732,HP:0006156,HP:0010100,HP:0002999,HP:0003084,HP:0046508,HP:0000678,HP:0000670,HP:0011069,HP:0000695,HP:0011087,HP:0006297,HP:0002719,HP:0002090,HP:0002885,HP:0001263,HP:0000750,HP:0000736,HP:0000712,HP:0031432,HP:0000739,HP:0001273,HP:0006989,HP:0001252",2,1,16,1.0,NM_004380.3
UC1_IMGGE_115,4,99,2,,,99,2,,,99,,Williams,,,,10,1,1,2,1,,,1,,1,1,,,,,,,,,,,1,,,,,,,,,,,,,,,1,,,84.5,,,2,,Serbia,11/08/2002,,99,,2,2,,1,Del7q11.23,Del7q11.23,,,"HP:0001263,HP:0001256,HP:0100025,HP:0031466,HP:0000739,HP:0006979,HP:0100545,HP:0005291,HP:0004381,HP:0000565,HP:0000540,HP:5200060,HP:0000407,HP:0000691,HP:0000689,HP:0000023,HP:0000012,HP:0000805,HP:0000015,HP:0001609,HP:0001027,HP:0000826,HP:0000337,HP:0000341,HP:0000629,HP:0012775,HP:0000486,HP:0003196,HP:0000455,HP:0000272,HP:0000343,HP:0000179|HP:0000215,HP:0000154,HP:0000689,HP:0000347,HP:0009748,HP:0000286,HP:0000293,HP:0000692,HP:0000276,HP:0200021,HP:0001252",99,2,17,1.0,
UC1_IMGGE_116,1,1,1,,,1,1,,,1,,Rubinstein-Taybi 1,,,,10,4,1,2,3,,,1,,99,1,,,,,,,,,,,1,,,,,,,,,,,,,,,1,,,,,59.5,99,,Serbia,27/08/2005,,1,,2,1,,1,any,,,,"HP:0008897,HP:0000252,HP:0001513,HP:0000486,HP:0000539,HP:0000508,HP:0000579,HP:0000518,HP:0000589,HP:0000481,HP:0008046,HP:0002779,HP:0002780,HP:0001642,HP:0001647,HP:0001660,HP:0001650,HP:0010775,HP:0031546,HP:0012210,HP:0000126,HP:0000047,HP:0000028,HP:0011968,HP:0002020,HP:0002019,HP:0002027,HP:0025085,HP:0012732,HP:0006156,HP:0010100,HP:0002999,HP:0001382,HP:0003084,HP:0046508,HP:0000678,HP:0000689,HP:0000670,HP:0000668,HP:0011087,HP:0006297,HP:0010562,HP:0000388,HP:0003006,HP:0002885,HP:0002858,HP:0001263,HP:0000750,HP:0100710,HP:0000712,HP:0031432,HP:0001273,HP:0033745",1,1,,,
UC1_IMGGE_117,2,1,2,,,99,1,,,1,,Rubinstein-Taybi 2,,,,10,2,1,2,3,,,1,,1,1,,,,,,,,,,,1,,,,,,,,,,,,,,,1,,,74.0,,6.5,1,,Serbia,24/03/2008,,1,,1,1,,1,CREBBP,Chr16_3792041_G_A,p.Arg424Ter,Heterozygous,"HP:0008897,HP:0000252,HP:0000539,HP:0000508,HP:0000579,HP:0000518,HP:0000639,HP:0008007,HP:0008046,HP:0000347,HP:0001601,HP:0001643,HP:0031546,HP:0000010,HP:0011968,HP:0002020,HP:0002019,HP:0002566,HP:0002027,HP:0025085,HP:0012732,HP:0010100,HP:0002999,HP:0001382,HP:0100711,HP:0003084,HP:0002308,HP:0002341,HP:0001250,HP:0000678,HP:0000689,HP:0000670,HP:0000668,HP:0011069,HP:0000695,HP:0011087,HP:0006297,HP:0012710,HP:0002719,HP:0003006,HP:0002859,HP:0002885,HP:0002858,HP:0001263,HP:0000750,HP:0000736,HP:0000712,HP:0012534,HP:0000739,HP:0001273,HP:0033745,HP:0012794",2,1,16,1.0,NM_004380.3
UC1_IMGGE_118,1,99,99,,,1,1,,,1,,PKU,,,,3,1,1,2,2,,,1,,99,1,,,,,,,,,,,1,,,,,,,,,,,,,,,1,,,,,88.5,1,,Serbia,14/06/1993,,1,,2,2,,2,PAH,Chr12_102877475_T_A,p.Asp143Val,Homozygous,"HP:0001249,HP:0100022,HP:0001250,HP:0000252,HP:0001010,HP:0005599,HP:0000964,HP:0000739,HP:0000716,HP:0000252,HP:0001511,HP:0001252",2,2,12,2.0,NM_000277.3
UC1_IMGGE_119,4,99,99,,,1,1,,,1,,Rubinstein-Taybi 2,,,,1,4,1,2,1,,,1,,1,1,,,,,,,,,,,1,,,,,,,,,,,,,,,1,,,,,,2,,Serbia,13/04/2002,,99,,1,2,,1,CREBBP,Chr16_3793539_G_A,p.Gln355Ter,Heterozygous,"HP:0008897,HP:0000252,HP:0001513,HP:0000486,HP:0000539,HP:0000579,HP:0000589,HP:0000639,HP:0008007,HP:0008046,HP:0002870,HP:0000347,HP:0001601,HP:0002779,HP:0002780,HP:0001631,HP:0001642,HP:0001650,HP:0010775,HP:0031546,HP:0000081,HP:0000047,HP:0000076,HP:0000028,HP:0011968,HP:0002019,HP:0002566,HP:0002027,HP:0025085,HP:0012732,HP:0006156,HP:0010100,HP:0002999,HP:0001382,HP:0002341,HP:0000689,HP:0000670,HP:0000668,HP:0011069,HP:0000695,HP:0011087,HP:0006297,HP:0002859,HP:0001263,HP:0000750,HP:0100710,HP:0000736,HP:0000712,HP:0031432,HP:0000729,HP:0000739,HP:0001273,HP:0006989,HP:0012794",2,1,16,1.0,NM_004380.3
UC1_IMGGE_120,2,1,99,,,1,1,,,1,,22q11.2 deletion,,,,2,20,1,2,3,,,1,,99,1,,,,,,,,,,,1,,,,,,,,,,,,,,,1,,,71.0,,,99,,Serbia,19/11/1989,,99,,99,99,,1,Del22q11,Del22q11,,,"HP:0001627,HP:0000174,HP:0000220,HP:0000220,HP:0031379,HP:0005368,HP:0002608,HP:0000829,HP:0002901,HP:0004322,HP:0010750,HP:0012841,HP:0031703,HP:0005105,HP:0011333,HP:0001363,HP:0000396,HP:0000378,HP:0004467,HP:0000402,HP:0000430,HP:0000456,HP:0000252,HP:0025788,HP:0002389,HP:0011342,HP:0001256,HP:0000739,HP:0030223,HP:0002693,HP:0002691,HP:0000126,HP:0000670,HP:0001252",99,2,22,,
UC1_IMGGE_121,1,1,1,,,99,1,,,1,,Kabuki 1,,,,2,1,1,2,3,,,1,,99,1,,,,,,,,,,,1,,,,,,,,,,,,,,,1,,,,,42.5,1,,Serbia,01/08/1992,,99,,2,99,,1,any,,,,"HP:0001513,HP:0000589,HP:0000481,HP:0000411,HP:0000378,HP:0008523,HP:0007655,HP:0002553,HP:0011229,HP:0002000|HP:0000437,HP:0002265,HP:0000411,HP:0000378,HP:0000668|HP:0000690|HP:0200161|HP:4000093|HP:0011057,HP:0040220,HP:0000689,HP:0001627,HP:0045017,HP:0001680,HP:0001710,HP:0004383,HP:0011968,HP:0002275,HP:0002015,HP:0002020,HP:0001382,HP:0002650,HP:0002808,HP:0001212,HP:0010314,HP:0004322,HP:0002719,HP:0005432,HP:0002720,HP:0031165,HP:0001249",1,2,,,
UC1_IMGGE_122,2,2,99,,,2,99,,,2,,PKU,,,,10,1,1,2,3,,,1,,1,1,,,,,,,,,,,1,,,,,,,,,,,,,,,1,,,,,,2,,Serbia,26/07/2020,,1,,1,2,,2,PAH,Chr12_102843646_C_T,p.Arg400Lys,Homozygous,"HP:0001249,HP:0100022,HP:0001250,HP:0000252,HP:0001010,HP:0005599,HP:0000964,HP:0007018,HP:0000716",99,2,12,2.0,NM_000277.3
UC1_IMGGE_123,2,1,2,,,2,2,,,1,,Kleefstra,,,,1,4,1,2,1,,,1,,2,1,,,,,,,,,,,1,,,,,,,,,,,,,,,1,,,73.5,,,1,,Serbia,01/04/1991,,1,,1,2,,1,EHMT1,Chr9_137728442_C_T,p.Arg246Ter,Heterozygous,"HP:0001513,HP:0000248,HP:0000337,HP:0000534,HP:0000582,HP:0011800,HP:0000391,HP:0003196,HP:0000463,HP:0000232,HP:0010804,HP:0010808,HP:0000303,HP:0001249,HP:0006863,HP:0002360,HP:0000733,HP:0100716,HP:0000717,HP:0000540,HP:0000365,HP:0001710,HP:0001631,HP:0001629,HP:0001636,HP:0001642,HP:0011152,HP:0001250,HP:0001762,HP:0002020,HP:0001252",2,2,9,1.0,NM_024757.5
UC1_IMGGE_124,100,1,1,,,1,2,,,2,,Rubinstein-Taybi 2,,,,2,3,1,2,1,,,1,,99,1,,,,,,,,,,,1,,,,,,,,,,,,,,,1,,,88.5,,,1,,Serbia,05/09/2014,,2,,99,2,,1,EP300,Chr22_41160723_G_A,--,Heterozygous,"HP:0008897,HP:0001513,HP:0000486,HP:0000539,HP:0000508,HP:0000579,HP:0000518,HP:0000639,HP:0008007,HP:0000481,HP:0008046,HP:0000405,HP:0002870,HP:0002780,HP:0001643,HP:0001642,HP:0001647,HP:0000047,HP:0000028,HP:0011968,HP:0002020,HP:0002019,HP:0002566,HP:0025085,HP:0012732,HP:0006156,HP:0010100,HP:0002999,HP:0001382,HP:0100711,HP:0046508,HP:0002650,HP:0002308,HP:0000678,HP:0000670,HP:0011069,HP:0011087,HP:0010562,HP:0002885,HP:0001263,HP:0000750,HP:0100710,HP:0000736,HP:0000712,HP:0031432,HP:0100025,HP:0100716,HP:0000739,HP:0001273,HP:0006989,HP:0033745,HP:0001252",99,1,22,1.0,NM_001429.4
UC1_IMGGE_125,3,2,1,,,1,2,,,99,,Rubinstein-Taybi 2,,,,3,3,1,2,1,,,1,,1,1,,,,,,,,,,,1,,,,,,,,,,,,,,,1,,,,,90.5,1,,Serbia,10/02/1994,,99,,2,99,,1,CREBBP,Chr16_3731195_G_C,p.Cys1723Trp,Heterozygous,"HP:0008897,HP:0000252,HP:0001513,HP:0000486,HP:0000539,HP:0000508,HP:0000579,HP:0000518,HP:0000639,HP:0000481,HP:0008046,HP:0002870,HP:0002779,HP:0002780,HP:0001629,HP:0001643,HP:0001680,HP:0031546,HP:0000081,HP:0000028,HP:0011968,HP:0002020,HP:0002019,HP:0002566,HP:0012732,HP:0006156,HP:0010100,HP:0000670,HP:0000695,HP:0011087,HP:0010562,HP:0003006,HP:0002858,HP:0000825,HP:0001263,HP:0000750,HP:0100710,HP:0000736,HP:0000712,HP:0100025,HP:0000718,HP:0000739,HP:0001273,HP:0006989,HP:0001252",2,1,16,1.0,NM_004380.3
UC1_IMGGE_126,1,99,1,,,2,1,,,99,,Smith-Magenis,,,,2,1,1,2,3,,,1,,1,1,,,,,,,,,,,1,,,,,,,,,,,,,,,1,,,,,96.0,99,,Serbia,08/03/2009,,99,,2,2,,1,RAI1,Chr17_17795339_CCCCCC_CCCCCCC,p.Gly800fs,Heterozygous,"HP:0011800,HP:0000283,HP:0000321,HP:0001169|HP:0004279, HP:0011051,HP:0000679,HP:0004324,HP:0000741,HP:0003474,HP:0003474,HP:0001263,HP:0100543,HP:0002463,HP:0006979,HP:0007018,HP:0100851,HP:0100710,HP:0000733,HP:0100716,HP:0001265,HP:0000370,HP:0001600,HP:0000365,HP:0010780,HP:0001609,HP:0004322,HP:0002650,HP:0010952,HP:0005607,HP:0000486,HP:0000545,HP:0000482,HP:5200291,HP:0003124,HP:0012450,HP:0000717,HP:0001627,HP:0010978,HP:0410030",99,1,17,1.0,NM_030665.4
UC1_IMGGE_127,100,99,2,,,2,99,,,99,,Kleefstra,,,,1,2,1,2,3,,,1,,2,1,,,,,,,,,,,1,,,,,,,,,,,,,,,1,,,,,80.0,99,,Serbia,06/05/2018,,2,,99,1,,1,Del9q34.3,Del9q34.3,,,"HP:0000248,HP:0000337,HP:0000534,HP:0000582,HP:0011800,HP:0000391,HP:0003196,HP:0000463,HP:0000232,HP:0010804,HP:0010808,HP:0000303,HP:0001249,HP:0006863,HP:0002360,HP:0000733,HP:0100716,HP:0000717,HP:0000540,HP:0000365,HP:0001710,HP:0001631,HP:0001629,HP:0001680,HP:0001642,HP:0000076,HP:0000107,HP:0001762",99,2,9,1.0,
UC1_IMGGE_128,2,2,99,,,1,2,,,2,,CSS,,,,3,4,1,2,1,,,1,,1,1,,,,,,,,,,,1,,,,,,,,,,,,,,,1,,,,,87.5,2,,Serbia,06/05/2014,,99,,1,1,,1,ARID1B,Chr6_157201443_C_T,p.Gln1740Ter,Heterozygous,"HP:0001274,HP:0100033,HP:0000280,HP:0000574,HP:0005280,HP:0000463,HP:0000455,HP:0012810,HP:0009928,HP:0000289,HP:0000219,HP:0000179,HP:0001792,HP:0002650,HP:0100790,HP:0000998,HP:0000294,HP:0000002,HP:0005832,HP:0002719,HP:0001671,HP:0001636,HP:0012211,HP:0001252",2,1,6,1.0,NM_001374828.1
UC1_IMGGE_129,2,2,2,,,99,2,,,1,,Tatton-Brown-Rahman,,,,2,20,1,2,2,,,1,,1,1,,,,,,,,,,,1,,,,,,,,,,,,,,,1,,,21.0,,,1,,Serbia,22/04/2006,,2,,99,1,,1,DNMT3A,Chr2_25236935_C_T,--,Heterozygous,"HP:0001548,HP:0000098,HP:0000256,HP:0025502,HP:0002342,HP:0010864,HP:0000729,HP:0033127,HP:0002751,HP:0008094,HP:0001250,HP:0000311|HP:0000280,HP:0001627,HP:0001252",2,2,2,1.0,NM_022552.5
UC1_IMGGE_130,4,99,2,,,1,2,,,99,,Williams,,,,3,4,1,2,3,,,1,,99,1,,,,,,,,,,,1,,,,,,,,,,,,,,,1,,,,,,2,,Serbia,09/04/2005,,1,,2,1,,1,Del7q11.23,Del7q11.23,,,"HP:0001263,HP:0001256,HP:0100025,HP:0031466,HP:0006979,HP:0100545,HP:0005291,HP:0000822,HP:0000540,HP:5200060,HP:0000407,HP:0000691,HP:0000689,HP:0002019,HP:0000023,HP:0000805,HP:0001382,HP:0034392,HP:0001609,HP:0000819,HP:0000337,HP:0000341,HP:0000629,HP:0012775,HP:0000486,HP:0003196,HP:0000455,HP:0000272,HP:0000343,HP:0000179|HP:0000215,HP:0000154,HP:0000689,HP:0000347,HP:0009748,HP:0000286,HP:0000293,HP:0000692,HP:0000276,HP:0200021,HP:0001252",99,2,17,1.0,
UC1_IMGGE_131,100,99,2,,,99,99,,,2,,Smith-Magenis,,,,10,2,1,2,3,,,1,,2,1,,,,,,,,,,,1,,,,,,,,,,,,,,,1,,,,,73.5,1,,Serbia,26/10/2009,,2,,2,1,,1,RAI1,Chr17_17792961_C_T,p.Arg5Ter,Heterozygous,"HP:0011800,HP:0000303,HP:0000283,HP:0000321,HP:0010803|HP:0010804,HP:0000490,HP:0001169|HP:0004279, HP:0011051,HP:0000679,HP:0000741,HP:0003474,HP:0003474,HP:0100543,HP:0002463,HP:0006979,HP:0007018,HP:0100851,HP:0100710,HP:0001265,HP:0000370,HP:0000365,HP:0010780,HP:0001609,HP:0004322,HP:0002650,HP:0010952,HP:0000486,HP:0000545,HP:0000482,HP:5200291,HP:0003124,HP:0002155,HP:0012450,HP:0002973,HP:0410030,HP:0001252",1,1,17,1.0,NM_030665.4
UC1_IMGGE_132,4,99,1,,,99,99,,,1,,CSS,,,,2,20,1,2,3,,,1,,99,1,,,,,,,,,,,1,,,,,,,,,,,,,,,1,,,,,20.0,99,,Serbia,28/07/1985,,2,,2,1,,1,ARID1B,Chr6_157206971_C_T,p.Arg2067Ter,Heterozygous,"HP:0009879,HP:0000280,HP:0000574,HP:0011231,HP:0005280,HP:0003196,HP:0000463,HP:0000455,HP:0009928,HP:0000154,HP:0000179,HP:0001792,HP:0005832,HP:0001382,HP:0002650,HP:0000998,HP:0000294,HP:0002209,HP:0004325,HP:0000002,HP:0005832,HP:0000545,HP:0002719,HP:0001643,HP:0012211,HP:0001252",99,1,6,1.0,NM_001374828.1
UC1_IMGGE_133,1,99,1,,,1,1,,,2,,Kabuki 2,,,,3,2,1,2,2,,,1,,1,1,,,,,,,,,,,1,,,,,,,,,,,,,,,1,,,,,,2,,Serbia,08/11/1993,,2,,2,2,,1,KMT2D,Chr12_49052382_A:_.,p.Leu434fs,Heterozygous,"HP:0001513,HP:0000508,HP:0200057,HP:0000481,HP:0000411,HP:0000378,HP:0410030,HP:0000218,HP:0007655,HP:0002553,HP:0011229,HP:0002000|HP:0000437,HP:0002265,HP:0000411,HP:0000378,HP:0000668|HP:0000690|HP:0200161|HP:4000093|HP:0011057,HP:0000687,HP:0001627,HP:0045017,HP:0001680,HP:0011968,HP:0002275,HP:0000126,HP:0001212,HP:0010314,HP:0004322,HP:0002719,HP:0002720,HP:0031165,HP:0001249,HP:0001252",1,2,12,1.0,NM_003482.4
UC1_IMGGE_134,3,2,99,,,99,2,,,99,,PKU,,,,10,3,1,2,3,,,1,,1,1,,,,,,,,,,,1,,,,,,,,,,,,,,,1,,,80.5,,,2,,Serbia,28/11/2017,,1,,1,99,,2,PAH,Chr12_102894904_G_T,p.Asn61Lys,Homozygous,"HP:0001249,HP:0100022,HP:0001250,HP:0000252,HP:0001010,HP:0005599,HP:0000964,HP:0002032",2,2,12,2.0,NM_000277.3
UC1_IMGGE_135,1,99,99,,,2,1,,,2,,PKU,,,,1,1,1,2,3,,,1,,99,1,,,,,,,,,,,1,,,,,,,,,,,,,,,1,,,43.5,,15.5,2,,Serbia,11/02/2015,,1,,99,2,,2,PAH,Chr12_102877518_C_A,p.Asp129Tyr,Homozygous,"HP:0001249,HP:0100022,HP:0001250,HP:0000252,HP:0001010,HP:0005599,HP:0000964,HP:0007018,HP:0000739,HP:0001511,HP:0001252",99,2,12,2.0,NM_000277.3
UC1_IMGGE_136,3,99,1,,,1,2,,,99,,Rubinstein-Taybi 1,,,,1,1,1,2,3,,,1,,2,1,,,,,,,,,,,1,,,,,,,,,,,,,,,1,,,,,,99,,Serbia,22/01/2016,,99,,99,1,,1,CREBBP,Chr16_3850497_G_A,p.Gln200Ter,Heterozygous,"HP:0000252,HP:0000486,HP:0000539,HP:0000508,HP:0000579,HP:0000518,HP:0000589,HP:0000639,HP:0008007,HP:0000405,HP:0000407,HP:0000347,HP:0001601,HP:0002779,HP:0002780,HP:0001629,HP:0001643,HP:0001660,HP:0000126,HP:0000081,HP:0000028,HP:0011968,HP:0002020,HP:0002019,HP:0002566,HP:0002027,HP:0012732,HP:0006156,HP:0010100,HP:0100711,HP:0003084,HP:0046508,HP:0002693,HP:0002308,HP:0000678,HP:0000689,HP:0000670,HP:0000668,HP:0011087,HP:0006297,HP:0030434,HP:0003006,HP:0030434,HP:0001263,HP:0000750,HP:0000736,HP:0000712,HP:0031432,HP:0007018,HP:0100025,HP:0012534,HP:0000718,HP:0000729,HP:0006989,HP:0033745,HP:0012794,HP:0001252",1,1,16,1.0,NM_004380.3
UC1_IMGGE_137,4,1,1,,,99,99,,,2,,Tatton-Brown-Rahman,,,,10,1,1,2,2,,,1,,99,1,,,,,,,,,,,1,,,,,,,,,,,,,,,1,,,92.0,,69.0,99,,Serbia,11/12/1996,,99,,1,99,,1,DNMT3A,Chr2_25234307_G_A,p.Pro904Leu,Heterozygous,"HP:0001548,HP:0000098,HP:0000256,HP:0001256,HP:0002342,HP:0000739,HP:5200430,HP:0033127,HP:0002751,HP:0011228,HP:0045025",1,2,2,1.0,NM_022552.5
UC1_IMGGE_138,1,2,1,,,99,99,,,1,,Rubinstein-Taybi 1,,,,1,1,1,2,1,,,1,,99,1,,,,,,,,,,,1,,,,,,,,,,,,,,,1,,,,,,2,,Serbia,09/09/2011,,1,,99,99,,1,any,,,,"HP:0008897,HP:0000252,HP:0000486,HP:0000539,HP:0000579,HP:0000518,HP:0000589,HP:0000639,HP:0008046,HP:0002870,HP:0001601,HP:0002779,HP:0002780,HP:0001647,HP:0001660,HP:0001650,HP:0000126,HP:0000028,HP:0011968,HP:0002020,HP:0002019,HP:0002027,HP:0025085,HP:0012732,HP:0006156,HP:0010100,HP:0001382,HP:0046508,HP:0000932,HP:0005667,HP:0002144,HP:0000678,HP:0000689,HP:0000670,HP:0000668,HP:0011069,HP:0000695,HP:0011087,HP:0006297,HP:0012710,HP:0030434,HP:0001263,HP:0000750,HP:0100710,HP:0000736,HP:0000712,HP:0031432,HP:0007018,HP:0100025,HP:0000718,HP:0033745,HP:0012794",2,1,,,
UC1_IMGGE_139,1,2,99,,,1,99,,,2,,CHARGE,,,,10,2,1,2,2,,,1,,1,1,,,,,,,,,,,1,,,,,,,,,,,,,,,1,,,,,,1,,Serbia,29/07/2001,,1,,99,2,,1,CHD7,Chr8_60741714_T_.,p.Asn96fs,Heterozygous,"HP:0000589,HP:0004409,HP:0000458,HP:0000407,HP:0001751,HP:0030895,HP:0031703,HP:0000175,HP:0001510,HP:0001249,HP:0030680,HP:0002575,HP:0002835,HP:0010558,HP:0000252,HP:0002119,HP:0001305,HP:0001252",2,2,8,1.0,NM_017780.4
UC1_IMGGE_140,4,1,1,,,2,99,,,1,,22q11.2 deletion,,,,3,4,1,2,2,,,1,,2,1,,,,,,,,,,,1,,,,,,,,,,,,,,,1,,,,,68.0,2,,Serbia,27/08/2000,,1,,99,2,,1,Del22q11,Del22q11,,,"HP:0001627,HP:0000174,HP:0000220,HP:0002019,HP:0031379,HP:0002720,HP:0011108,HP:0002901,HP:0004322,HP:0001513,HP:0000627,HP:0000486,HP:0011333,HP:0000347,HP:0030026,HP:0008771,HP:0000414,HP:0000456,HP:0012736,HP:0100710|HP:0100962,HP:5200044,HP:0000739,HP:0030223,HP:5200310,HP:0002691,HP:0012303,HP:0003319,HP:0005881,HP:0034675,HP:0000126",2,1,22,,
UC1_IMGGE_141,3,2,2,,,1,99,,,1,,Smith-Magenis,,,,10,20,1,2,1,,,1,,1,1,,,,,,,,,,,1,,,,,,,,,,,,,,,1,,,,,67.5,1,,Serbia,26/04/1989,,1,,2,1,,1,RAI1,Chr17_17797629_C_T,p.Arg1561Ter,Heterozygous,"HP:0011800,HP:0000303,HP:0000283,HP:0000321,HP:0010803|HP:0010804,HP:0000490,HP:0001169|HP:0004279, HP:0011051,HP:0000679,HP:0004324,HP:0012743,HP:0000741,HP:0003474,HP:0003474,HP:0100543,HP:0002463,HP:0006979,HP:0100851,HP:0100710,HP:0100716,HP:0001265,HP:0009830,HP:0000370,HP:0001600,HP:0000365,HP:0010780,HP:0001609,HP:0004322,HP:0010952,HP:0005607,HP:0000220,HP:0000545,HP:0000525,HP:0000482,HP:0000717,HP:0010978,HP:0002720,HP:0001252",99,1,17,1.0,NM_030665.4
UC1_IMGGE_142,100,99,1,,,1,99,,,99,,Phelan-McDermid,,,,10,2,1,2,2,,,1,,1,1,,,,,,,,,,,1,,,,,,,,,,,,,,,1,,,25.5,,34.0,2,,Serbia,24/11/2014,,99,,1,1,,1,Del22q13.33,Del22q13.33,,,"HP:0001263,HP:0001249,HP:0000817,HP:0031432,HP:5200242,HP:0001250,HP:0012448,HP:0001274,HP:0002119,HP:0007204,HP:0008762,HP:0002360,HP:0012210,HP:0000110|HP:0000104,HP:0000076,HP:0000085,HP:0002019,HP:0000527,HP:0000629,HP:0001659,HP:0001631,HP:0001252",2,2,22,1.0,
UC1_IMGGE_143,2,2,99,,,2,99,,,99,,Phelan-McDermid,,,,10,3,1,2,2,,,1,,1,1,,,,,,,,,,,1,,,,,,,,,,,,,,,1,,,76.0,,,99,,Serbia,21/12/2004,,2,,99,2,,1,Del22q13.33,Del22q13.33,,,"HP:0001263,HP:0001249,HP:0000750,HP:5200242,HP:0012534,HP:0002119,HP:0007204,HP:0002280,HP:0012762,HP:0000020,HP:0002019,HP:0000821,HP:0001004,HP:0000527,HP:0000445,HP:0000414,HP:0001659,HP:0005180,HP:0001252",2,2,22,1.0,
UC1_IMGGE_144,4,1,1,,,1,2,,,99,,CSS,,,,2,4,1,2,2,,,1,,2,1,,,,,,,,,,,1,,,,,,,,,,,,,,,1,,,,,21.5,2,,Serbia,25/12/2015,,2,,1,99,,1,ARID1B,Chr6_157200777_C_T,p.Gln1518Ter,Heterozygous,"HP:0034206,HP:0001305,HP:0009879,HP:0001274,HP:0000280,HP:0000574,HP:0011231,HP:0005280,HP:0003196,HP:0000463,HP:0000455,HP:0009928,HP:0000154,HP:0000219,HP:0001792,HP:0001382,HP:0000998,HP:0000294,HP:0002209,HP:0004325,HP:0000002,HP:0005832,HP:0000508,HP:0002719,HP:0001671,HP:0001636,HP:0001643",1,1,6,1.0,NM_001374828.1
UC1_IMGGE_145,2,2,99,,,99,99,,,2,,PKU,,,,2,2,1,2,1,,,1,,99,1,,,,,,,,,,,1,,,,,,,,,,,,,,,1,,,87.0,,,1,,Serbia,20/03/2013,,2,,99,1,,2,PAH,Chr12_102852810_C_T,--,Homozygous,"HP:0001249,HP:0100022,HP:0001250,HP:0000252,HP:0001010,HP:0005599,HP:0000964,HP:0000739,HP:0001252",1,2,12,2.0,NM_000277.3
UC1_IMGGE_146,2,2,2,,,99,2,,,2,,Phelan-McDermid,,,,3,2,1,2,2,,,1,,2,1,,,,,,,,,,,1,,,,,,,,,,,,,,,1,,,20.5,,,99,,Serbia,03/01/1987,,1,,99,1,,1,Del22q13.33,Del22q13.33,,,"HP:0001263,HP:0001249,HP:0000750,HP:0000718,HP:0012534,HP:0001250,HP:0012448,HP:0001274,HP:0007204,HP:0002011,HP:0002280,HP:0008762,HP:0002360,HP:0000486,HP:0002020,HP:0002014,HP:0000689,HP:0000445,HP:0000598,HP:0001659",99,2,22,1.0,
UC1_IMGGE_147,4,2,1,,,2,1,,,1,,CSS,,,,1,1,1,2,2,,,1,,2,1,,,,,,,,,,,1,,,,,,,,,,,,,,,1,,,,,87.5,1,,Serbia,16/07/2001,,1,,99,2,,1,any,,,,"HP:0009879,HP:0100033,HP:0000280,HP:0000574,HP:0011231,HP:0005280,HP:0003196,HP:0000455,HP:0009928,HP:0000289,HP:0000154,HP:0000219,HP:0030084,HP:0005832,HP:0001382,HP:0002650,HP:0000998,HP:0000294,HP:0002209,HP:0004325,HP:0000002,HP:0005832,HP:0000508,HP:0000486,HP:0002719,HP:0001671",99,1,,,
UC1_IMGGE_148,3,1,1,,,1,2,,,2,,Williams,,,,10,2,1,2,3,,,1,,99,1,,,,,,,,,,,1,,,,,,,,,,,,,,,1,,,64.5,,13.0,2,,Serbia,21/01/1992,,99,,2,99,,1,Del7q11.23,Del7q11.23,,,"HP:0001263,HP:0001256,HP:0100025,HP:0031466,HP:0000739,HP:0007018,HP:0006979,HP:0100545,HP:0005291,HP:0004381,HP:0004969,HP:0000565,HP:0000540,HP:5200060,HP:0000691,HP:0000689,HP:0011968,HP:0002019,HP:0000012,HP:0000805,HP:0001382,HP:0001609,HP:0001027,HP:0000826,HP:0002150,HP:0000337,HP:0000341,HP:0000629,HP:0012775,HP:0000486,HP:0003196,HP:0000455,HP:0000272,HP:0000343,HP:0000179|HP:0000215,HP:0000154,HP:0000689,HP:0000347,HP:0009748,HP:0000286,HP:0000293,HP:0000692,HP:0000276,HP:0200021,HP:0001252",1,2,17,1.0,
UC1_IMGGE_149,4,99,2,,,99,2,,,99,,CHARGE,,,,10,3,1,2,1,,,1,,99,1,,,,,,,,,,,1,,,,,,,,,,,,,,,1,,,,,,1,,Serbia,23/12/1988,,1,,1,2,,1,CHD7,Chr8_60741838_C_T,p.Gln136Ter,Heterozygous,"HP:0000589,HP:0000453,HP:0000452,HP:0004409,HP:0000458,HP:0000407,HP:0001751,HP:0030895,HP:0031703,HP:0001510,HP:0001263,HP:0001249,HP:0030680,HP:0010558,HP:0000252,HP:0002119,HP:0001305,HP:0001252",2,2,8,1.0,NM_017780.4
UC1_IMGGE_150,100,1,2,,,99,1,,,1,,22q11.2 deletion,,,,3,1,1,2,3,,,1,,1,1,,,,,,,,,,,1,,,,,,,,,,,,,,,1,,,56.0,,7.0,2,,Serbia,04/09/1995,,99,,1,1,,1,Del22q11,Del22q11,,,"HP:0001631,HP:0000174,HP:0000220,HP:0000220,HP:0011108,HP:0000829,HP:0001513,HP:0000486,HP:0031703,HP:0005105,HP:0030026,HP:0000378,HP:0008771,HP:0000411,HP:0004467,HP:0000402,HP:0000426,HP:0000414,HP:0000252,HP:0025788,HP:0011342,HP:0012736,HP:0000750,HP:0010864,HP:5200044,HP:0002693,HP:0002691,HP:0003319,HP:0001762,HP:0002999,HP:0000104,HP:0000126,HP:0002101,HP:0000670,HP:0001252",2,2,22,,
UC1_IMGGE_151,2,2,2,,,99,2,,,99,,Phelan-McDermid,,,,3,2,1,2,2,,,1,,2,1,,,,,,,,,,,1,,,,,,,,,,,,,,,1,,,,,74.5,1,,Serbia,11/01/2002,,1,,99,1,,1,Del22q13.33,Del22q13.33,,,"HP:0001263,HP:0001249,HP:0000750,HP:0012534,HP:0001274,HP:0002119,HP:0007204,HP:0002011,HP:0100702,HP:0012762,HP:0002360,HP:0000486,HP:0000508,HP:0000110|HP:0000104,HP:0002019,HP:0000414,HP:0001176,HP:0001155,HP:0001252",2,2,22,1.0,
UC1_IMGGE_152,3,99,99,,,1,2,,,99,,PKU,,,,3,2,1,2,2,,,1,,99,1,,,,,,,,,,,1,,,,,,,,,,,,,,,1,,,,,63.5,99,,Serbia,05/10/1986,,99,,2,99,,2,PAH,Chr12_102894826_G_T,p.Ser87Arg,Homozygous,"HP:0001249,HP:0100022,HP:0001250,HP:0000252,HP:0001010,HP:0005599,HP:0000964,HP:0001680,HP:0001252",2,2,12,2.0,NM_000277.3
UC1_IMGGE_153,1,99,1,,,99,1,,,99,,Rubinstein-Taybi 2,,,,10,4,1,2,1,,,1,,1,1,,,,,,,,,,,1,,,,,,,,,,,,,,,1,,,,,33.0,99,,Serbia,27/07/2016,,2,,99,1,,1,CREBBP,Chr16_3744893_C_T,--,Heterozygous,"HP:0008897,HP:0000486,HP:0000579,HP:0000518,HP:0000589,HP:0000639,HP:0008007,HP:0000481,HP:0008046,HP:0002870,HP:0001601,HP:0002779,HP:0002780,HP:0001643,HP:0001650,HP:0012210,HP:0000076,HP:0000787,HP:0000028,HP:0002020,HP:0002019,HP:0002566,HP:0002027,HP:0025085,HP:0012732,HP:0006156,HP:0010100,HP:0002999,HP:0001382,HP:0100711,HP:0046508,HP:0001273,HP:0001305,HP:0000689,HP:0000670,HP:0000668,HP:0011069,HP:0000695,HP:0011087,HP:0006297,HP:0012710,HP:0001263,HP:0000750,HP:0100710,HP:0000736,HP:0100025,HP:0000739,HP:0001273,HP:0006989,HP:0033745,HP:0012794",1,1,16,1.0,NM_004380.3
UC1_IMGGE_154,4,1,99,,,99,99,,,99,,Kleefstra,,,,1,3,1,2,2,,,1,,99,1,,,,,,,,,,,1,,,,,,,,,,,,,,,1,,,,,95.5,2,,Serbia,18/06/1987,,1,,99,1,,1,Del9q34.3,Del9q34.3,,,"HP:0000248,HP:0000337,HP:0000534,HP:0000582,HP:0011800,HP:0000391,HP:0003196,HP:0000463,HP:0000232,HP:0010804,HP:0010808,HP:0000303,HP:0001249,HP:0006863,HP:0002360,HP:0100716,HP:0000717,HP:0000540,HP:0000365,HP:0001710,HP:0001680,HP:0000076,HP:0000126,HP:0000083,HP:0000047,HP:0011152,HP:0001250,HP:0001762,HP:0001252",2,2,9,1.0,
UC1_IMGGE_155,2,2,1,,,1,2,,,2,,Phelan-McDermid,,,,2,1,1,2,2,,,1,,1,1,,,,,,,,,,,1,,,,,,,,,,,,,,,1,,,,,,1,,Serbia,07/03/1980,,2,,2,2,,1,Del22q13.33,Del22q13.33,,,"HP:0001263,HP:0001249,HP:0000750,HP:5200019,HP:5200316,HP:0012534,HP:0001250,HP:0012448,HP:0001274,HP:0002119,HP:0007204,HP:0002011,HP:0002280,HP:0012762,HP:0002360,HP:0000508,HP:0000107,HP:0000126|HP:0010945,HP:0000085,HP:0002014,HP:0000445,HP:0000414,HP:0001155,HP:0000598,HP:0001252",2,2,22,1.0,
UC1_IMGGE_156,1,2,2,,,1,1,,,99,,Rubinstein-Taybi 1,,,,1,3,1,2,2,,,1,,2,1,,,,,,,,,,,1,,,,,,,,,,,,,,,1,,,,,,2,,Serbia,23/01/2016,,99,,2,99,,1,EP300,Chr22_41150041_C_T,p.Thr887Ile,Heterozygous,"HP:0008897,HP:0000486,HP:0000539,HP:0000508,HP:0000579,HP:0000518,HP:0000639,HP:0008007,HP:0000481,HP:0008046,HP:0000347,HP:0001647,HP:0031546,HP:0000126,HP:0000047,HP:0000076,HP:0000028,HP:0011968,HP:0002020,HP:0002019,HP:0002566,HP:0002027,HP:0025085,HP:0006156,HP:0010100,HP:0002999,HP:0100711,HP:0002308,HP:0000678,HP:0000689,HP:0000670,HP:0000668,HP:0011069,HP:0000695,HP:0011087,HP:0006297,HP:0010562,HP:0003006,HP:0030434,HP:0001263,HP:0000750,HP:0100710,HP:0000736,HP:0031432,HP:0007018,HP:0100025,HP:0100716,HP:0000739,HP:0001273,HP:0006989,HP:0033745,HP:0001252",1,1,22,1.0,NM_001429.4
UC1_IMGGE_157,2,99,99,,,99,1,,,1,,Kleefstra,,,,3,3,1,2,2,,,1,,2,1,,,,,,,,,,,1,,,,,,,,,,,,,,,1,,,88.0,,60.0,99,,Serbia,25/02/1999,,1,,99,2,,1,EHMT1,Chr9_137818100_C_T,p.Arg1168Ter,Heterozygous,"HP:0000248,HP:0000337,HP:0000534,HP:0000582,HP:0011800,HP:0000391,HP:0003196,HP:0000463,HP:0000232,HP:0010804,HP:0010808,HP:0000303,HP:0001249,HP:0000717,HP:0000540,HP:0000365,HP:0001680,HP:0001647,HP:0001642,HP:0000076,HP:0000047,HP:0000028,HP:0001762",99,2,9,1.0,NM_024757.5
UC1_IMGGE_158,100,1,2,,,2,99,,,1,,Phelan-McDermid,,,,1,20,1,2,2,,,1,,99,1,,,,,,,,,,,1,,,,,,,,,,,,,,,1,,,33.0,,,2,,Serbia,06/02/1983,,99,,99,2,,1,Del22q13.33,Del22q13.33,,,"HP:0001263,HP:0001249,HP:0000750,HP:0031432,HP:0012534,HP:0001274,HP:0002119,HP:0002280,HP:0100702,HP:0012762,HP:0002360,HP:0000508,HP:0012210,HP:0000107,HP:0002020,HP:0002014,HP:0000689,HP:0000307,HP:0000445,HP:0000431,HP:0000629,HP:0001176,HP:0001155",2,2,22,1.0,
UC1_IMGGE_159,2,99,1,,,1,1,,,2,,Kleefstra,,,,1,4,1,2,2,,,1,,99,1,,,,,,,,,,,1,,,,,,,,,,,,,,,1,,,,,21.0,1,,Serbia,15/10/1981,,99,,99,1,,1,EHMT1,Chr9_137813396_C_T,p.Arg1016Ter,Heterozygous,"HP:0001513,HP:0000248,HP:0000337,HP:0000534,HP:0000582,HP:0011800,HP:0000391,HP:0003196,HP:0000463,HP:0000232,HP:0010804,HP:0010808,HP:0000303,HP:0001249,HP:0002360,HP:0000733,HP:0100716,HP:0000717,HP:0000540,HP:0000365,HP:0001710,HP:0001631,HP:0001629,HP:0001680,HP:0001647,HP:0001642,HP:0000076,HP:0000126,HP:0000047,HP:0000028,HP:0002069,HP:0001250,HP:0001762",2,2,9,1.0,NM_024757.5
UC1_IMGGE_160,1,99,1,,,2,2,,,2,,CSS,,,,10,3,1,2,1,,,1,,1,1,,,,,,,,,,,1,,,,,,,,,,,,,,,1,,,,,10.0,1,,Serbia,02/07/1988,,1,,99,2,,1,any,,,,"HP:0009879,HP:0100033,HP:0000280,HP:0000574,HP:0011231,HP:0005280,HP:0000455,HP:0009928,HP:0000289,HP:0000179,HP:0001792,HP:0001382,HP:0000998,HP:0000294,HP:0004325,HP:0000002,HP:0005832,HP:0000696,HP:0000508,HP:0001636",99,1,,,
UC1_IMGGE_161,3,2,1,,,99,99,,,99,,Tatton-Brown-Rahman,,,,10,20,1,2,2,,,1,,99,1,,,,,,,,,,,1,,,,,,,,,,,,,,,1,,,59.0,,88.0,2,,Serbia,24/10/1990,,99,,1,99,,1,DNMT3A,Chr2_25240312_C_T,p.Arg771Gln,Heterozygous,"HP:0001548,HP:0000098,HP:0000256,HP:0025502,HP:0002342,HP:0000729,HP:0002751,HP:0000028,HP:0011228,HP:0011089,HP:0001252",1,2,2,1.0,NM_022552.5
UC1_IMGGE_162,4,99,99,,,2,2,,,99,,Rubinstein-Taybi 1,,,,3,3,1,2,1,,,1,,1,1,,,,,,,,,,,1,,,,,,,,,,,,,,,1,,,96.0,,39.0,99,,Serbia,30/09/2005,,2,,1,1,,1,CREBBP,Chr16_3757288_C_T,p.Arg1233Lys,Heterozygous,"HP:0008897,HP:0000252,HP:0000486,HP:0000539,HP:0000508,HP:0000579,HP:0000589,HP:0000639,HP:0000481,HP:0008046,HP:0002870,HP:0000347,HP:0001601,HP:0002779,HP:0001631,HP:0001643,HP:0001680,HP:0001647,HP:0001660,HP:0001650,HP:0000028,HP:0011968,HP:0002020,HP:0002019,HP:0002566,HP:0002027,HP:0025085,HP:0006156,HP:0010100,HP:0001382,HP:0046508,HP:0002353,HP:0000678,HP:0000689,HP:0000670,HP:0000668,HP:0000695,HP:0011087,HP:0001263,HP:0000750,HP:0100710,HP:0000736,HP:0000712,HP:0012534,HP:0100716,HP:0006989,HP:0033745,HP:0012794,HP:0001252",2,1,16,1.0,NM_004380.3
UC1_IMGGE_163,1,1,2,,,99,99,,,99,,CSS,,,,10,2,1,2,1,,,1,,1,1,,,,,,,,,,,1,,,,,,,,,,,,,,,1,,,,,80.5,2,,Serbia,12/04/2012,,99,,1,99,,1,any,,,,"HP:0031165,HP:0100033,HP:0000280,HP:0000574,HP:0011231,HP:0005280,HP:0000463,HP:0000455,HP:0012810,HP:0009928,HP:0000289,HP:0000154,HP:0000219,HP:0000179,HP:0001792,HP:0001382,HP:0002650,HP:0000998,HP:0002209,HP:0004325,HP:0000002,HP:0005832,HP:0000508,HP:0000486,HP:0002719,HP:0001643,HP:0001252",1,1,,,
UC1_IMGGE_164,4,2,1,,,2,2,,,1,,22q11.2 deletion,,,,3,3,1,2,3,,,1,,2,1,,,,,,,,,,,1,,,,,,,,,,,,,,,1,,,,,14.0,1,,Serbia,11/04/2006,,1,,2,99,,1,Del22q11,Del22q11,,,"HP:0001627,HP:0001629,HP:0001636,HP:0000174,HP:0000175,HP:5201016,HP:5201016|HP:0000220,HP:0002019,HP:0002032,HP:0031379,HP:0011839,HP:0005368,HP:0002720,HP:0000347,HP:0000396,HP:0030026,HP:0000378,HP:0008771,HP:0000411,HP:0004467,HP:0000402,HP:0000407|HP:0000405,HP:0000430,HP:0000456,HP:0000252,HP:0012736,HP:5200044,HP:0030223,HP:5200310,HP:0002693,HP:0002691,HP:0012303,HP:0000126,HP:0000003,HP:0000126",99,1,22,,
UC1_IMGGE_165,1,1,1,,,2,2,,,99,,PKU,,,,2,3,1,2,2,,,1,,99,1,,,,,,,,,,,1,,,,,,,,,,,,,,,1,,,,,,1,,Serbia,30/09/1990,,2,,1,2,,2,PAH,Chr12_102839179_TTT_TTTT,p.Ter453ValextTer?,Homozygous,"HP:0001249,HP:0100022,HP:0001250,HP:0000252,HP:0001010,HP:0005599,HP:0000964,HP:0000739",99,2,12,2.0,NM_000277.3
UC1_IMGGE_166,3,2,1,,,2,1,,,2,,Noonan,,,,10,4,1,2,3,,,1,,1,1,,,,,,,,,,,1,,,,,,,,,,,,,,,1,,,68.5,,2.5,2,,Serbia,11/04/2009,,99,,1,99,,1,SOS1,Chr2_39012333_T_A,p.Lys728Ile,Heterozygous,"HP:0000478,HP:0004322,HP:0001382,HP:0000766,HP:0000028,HP:0001627,HP:0001249,HP:0001892,HP:0000978,HP:0001561,HP:0100763,HP:0025701,HP:0002202,HP:0004482,HP:0011968,HP:0003115,HP:0011443,HP:0009088,HP:0000737,HP:0000739,HP:0000348,HP:0000316|HP:0000494,HP:0000358,HP:0000288,HP:0000215,HP:0000470|HP:0000474,HP:0002162,HP:0000520,HP:0008050,HP:0000316,HP:0000508,HP:0005280,HP:0012810,HP:0001782,HP:0000298,HP:0000325,HP:0000290,HP:0000472,HP:0000917,HP:0000767,HP:0040402,HP:0000678,HP:0000508,HP:0000486,HP:0000539,HP:0000646,HP:0000639,HP:0001252",2,2,2,,NM_005633.4
UC1_IMGGE_167,2,2,1,,,2,1,,,1,,Phelan-McDermid,,,,10,1,1,2,3,,,1,,2,1,,,,,,,,,,,1,,,,,,,,,,,,,,,1,,,96.0,,22.5,1,,Serbia,22/08/1989,,99,,1,2,,1,Del22q13.33,Del22q13.33,,,"HP:0001263,HP:0001249,HP:0000750,HP:0000817,HP:5200019,HP:5200316,HP:0003763,HP:0007302,HP:0012534,HP:0001250,HP:0002119,HP:0002280,HP:0002360,HP:0000020,HP:0002019,HP:0000252,HP:0000527,HP:0000445,HP:0001252",1,2,22,1.0,
UC1_IMGGE_168,100,1,1,,,1,2,,,99,,Kleefstra,,,,10,4,1,2,1,,,1,,99,1,,,,,,,,,,,1,,,,,,,,,,,,,,,1,,,,,28.0,99,,Serbia,09/02/1986,,1,,1,2,,1,Del9q34.3,Del9q34.3,,,"HP:0001513,HP:0000248,HP:0000337,HP:0000534,HP:0000582,HP:0011800,HP:0000391,HP:0003196,HP:0000463,HP:0000232,HP:0010804,HP:0010808,HP:0000303,HP:0001249,HP:0002360,HP:0000733,HP:0100716,HP:0000717,HP:0000540,HP:0001710,HP:0001629,HP:0001680,HP:0001647,HP:0002069,HP:0011152,HP:0001762,HP:0001252",1,2,9,1.0,
UC1_IMGGE_169,2,99,99,,,99,99,,,2,,Williams,,,,2,20,1,2,1,,,1,,1,1,,,,,,,,,,,1,,,,,,,,,,,,,,,1,,,35.0,,,99,,Serbia,19/06/1983,,2,,99,99,,1,Del7q11.23,Del7q11.23,,,"HP:0001263,HP:0001256,HP:0100025,HP:0007018,HP:0006979,HP:0100545,HP:0005291,HP:0004381,HP:5200060,HP:0000407,HP:0000691,HP:0000689,HP:0011968,HP:0001537,HP:0002253,HP:0000805,HP:0002650,HP:0001609,HP:0001027,HP:0002150,HP:0000337,HP:0000341,HP:0000629,HP:0012775,HP:0000486,HP:0003196,HP:0000455,HP:0000272,HP:0000343,HP:0000179|HP:0000215,HP:0000154,HP:0000689,HP:0000347,HP:0009748,HP:0000286,HP:0000293,HP:0000692,HP:0000276,HP:0200021,HP:0001252",2,2,17,1.0,
UC1_IMGGE_170,3,99,99,,,1,1,,,2,,22q11.2 deletion,,,,10,2,1,2,1,,,1,,1,1,,,,,,,,,,,1,,,,,,,,,,,,,,,1,,,,,13.5,1,,Serbia,27/02/2005,,2,,99,2,,1,Del22q11,Del22q11,,,"HP:0001629,HP:0001631,HP:0000174,HP:0000220,HP:0011968,HP:0002019,HP:0031379,HP:0005435,HP:0002901,HP:0000627,HP:0012841,HP:0000347,HP:0030026,HP:0000378,HP:0008771,HP:0000411,HP:0004467,HP:0000402,HP:0000407|HP:0000405,HP:0000426,HP:0000414,HP:0000430,HP:0000456,HP:0000252,HP:0002389,HP:0012736,HP:0000750,HP:0001256,HP:0010864,HP:5200044,HP:5200310,HP:0002693,HP:0002691,HP:0001999,HP:0012303,HP:0003319,HP:0002999,HP:0000126,HP:0002101,HP:0001252",1,2,22,,
UC1_IMGGE_171,1,1,2,,,1,99,,,2,,Rubinstein-Taybi 1,,,,1,4,1,2,3,,,1,,1,1,,,,,,,,,,,1,,,,,,,,,,,,,,,1,,,37.0,,,1,,Serbia,15/05/1992,,99,,2,99,,1,CREBBP,Chr16_3751725_C_A,--,Heterozygous,"HP:0008897,HP:0000252,HP:0001513,HP:0000539,HP:0000508,HP:0000589,HP:0008007,HP:0000481,HP:0008046,HP:0002870,HP:0000347,HP:0001601,HP:0002779,HP:0001631,HP:0001680,HP:0001650,HP:0000028,HP:0011968,HP:0002019,HP:0002566,HP:0002027,HP:0025085,HP:0012732,HP:0006156,HP:0010100,HP:0002999,HP:0001382,HP:0046508,HP:0000678,HP:0000670,HP:0000668,HP:0011069,HP:0011087,HP:0012710,HP:0002719,HP:0001263,HP:0100710,HP:0000736,HP:0031432,HP:0007018,HP:0100025,HP:0000739,HP:0001273,HP:0006989,HP:0033745",99,1,16,1.0,NM_004380.3
UC1_IMGGE_172,100,2,99,,,99,1,,,2,,Kabuki 1,,,,2,4,1,2,1,,,1,,99,1,,,,,,,,,,,1,,,,,,,,,,,,,,,1,,,,,22.5,99,,Serbia,17/12/2012,,1,,1,99,,1,KMT2D,Chr12_49039867_G_A,p.Arg2635Ter,Heterozygous,"HP:0001508,HP:0008897,HP:0000592,HP:0200057,HP:0000411,HP:0000378,HP:0008523,HP:0410030,HP:0007655,HP:0002553,HP:0011229,HP:0002000|HP:0000437,HP:0002265,HP:0000411,HP:0000378,HP:0000668|HP:0000690|HP:0200161|HP:4000093|HP:0011057,HP:0006482,HP:0040220,HP:0000687,HP:0001627,HP:0045017,HP:0001680,HP:0004383,HP:0002015,HP:0002020,HP:0000077,HP:0001382,HP:0002650,HP:0001212,HP:0004322,HP:0033795,HP:0002719,HP:0002720,HP:0001249,HP:0001252",1,2,12,1.0,NM_003482.4
UC1_IMGGE_173,3,99,99,,,1,2,,,2,,Rubinstein-Taybi 1,,,,1,4,1,2,3,,,1,,2,1,,,,,,,,,,,1,,,,,,,,,,,,,,,1,,,,,,1,,Serbia,27/03/2019,,1,,1,99,,1,CREBBP,Chr16_3728806_G_A,p.Gln2081Ter,Heterozygous,"HP:0008897,HP:0000252,HP:0001513,HP:0000486,HP:0000539,HP:0000508,HP:0000579,HP:0000518,HP:0000589,HP:0000639,HP:0008007,HP:0000481,HP:0000405,HP:0002870,HP:0000347,HP:0002779,HP:0002780,HP:0001629,HP:0001643,HP:0001642,HP:0010775,HP:0000047,HP:0000028,HP:0011968,HP:0002020,HP:0002019,HP:0002566,HP:0002027,HP:0025085,HP:0012732,HP:0006156,HP:0010100,HP:0002999,HP:0001382,HP:0100711,HP:0046508,HP:0002308,HP:0000678,HP:0000670,HP:0011069,HP:0000695,HP:0011087,HP:0006297,HP:0010562,HP:0012710,HP:0003006,HP:0002859,HP:0001263,HP:0000750,HP:0100710,HP:0007018,HP:0000739,HP:0006989,HP:0033745,HP:0012794",99,1,16,1.0,NM_004380.3
UC1_IMGGE_174,1,2,2,,,2,2,,,1,,Phelan-McDermid,,,,3,1,1,2,3,,,1,,2,1,,,,,,,,,,,1,,,,,,,,,,,,,,,1,,,,,,1,,Serbia,03/08/2009,,1,,99,2,,1,Del22q13.33,Del22q13.33,,,"HP:0001263,HP:0001249,HP:0000750,HP:0000817,HP:5200316,HP:0012534,HP:0001274,HP:0002119,HP:0002280,HP:0100702,HP:0012762,HP:0002360,HP:0000486,HP:0012210,HP:0000076,HP:0000252,HP:0000689,HP:0000527,HP:0000445,HP:0001643",99,2,22,1.0,
UC1_IMGGE_175,3,2,1,,,2,99,,,99,,Williams,,,,10,4,1,2,2,,,1,,2,1,,,,,,,,,,,1,,,,,,,,,,,,,,,1,,,,,,99,,Serbia,16/02/2000,,2,,2,2,,1,Del7q11.23,Del7q11.23,,,"HP:0001263,HP:0100025,HP:0031466,HP:0000739,HP:0007018,HP:0006979,HP:0100545,HP:0005291,HP:0004381,HP:0004969,HP:0001634,HP:0000565,HP:0000540,HP:5200060,HP:0000691,HP:0000689,HP:0011968,HP:0000805,HP:0001382,HP:0001609,HP:0001027,HP:0000826,HP:0003072,HP:0000337,HP:0000341,HP:0000629,HP:0012775,HP:0000486,HP:0003196,HP:0000455,HP:0000272,HP:0000343,HP:0000179|HP:0000215,HP:0000154,HP:0000689,HP:0000347,HP:0009748,HP:0000286,HP:0000293,HP:0000692,HP:0000276,HP:0200021",99,1,17,1.0,
UC1_IMGGE_176,2,1,99,,,2,99,,,99,,Phelan-McDermid,,,,10,2,1,2,2,,,1,,99,1,,,,,,,,,,,1,,,,,,,,,,,,,,,1,,,10.0,,17.5,1,,Serbia,17/12/2015,,99,,1,2,,1,Del22q13.33,Del22q13.33,,,"HP:0001263,HP:0001249,HP:0000750,HP:0000718,HP:0012534,HP:0001274,HP:0002119,HP:0002280,HP:0008762,HP:0012762,HP:0002360,HP:0000508,HP:0000365,HP:0000010,HP:0012210,HP:0002020,HP:0000527,HP:0000445,HP:0000629,HP:0001176,HP:0001659",2,2,22,1.0,
UC1_IMGGE_177,4,1,2,,,1,99,,,1,,22q11.2 deletion,,,,1,3,1,2,3,,,1,,99,1,,,,,,,,,,,1,,,,,,,,,,,,,,,1,,,,,2.0,2,,Serbia,22/09/2011,,1,,2,1,,1,Del22q11,Del22q11,,,"HP:0001627,HP:0001636,HP:0002019,HP:0031379,HP:0011839,HP:0005368,HP:0002901,HP:0004322,HP:0012841,HP:0000486,HP:0031703,HP:0030026,HP:0000378,HP:0008771,HP:0000411,HP:0004467,HP:0000402,HP:0000407|HP:0000405,HP:0000426,HP:0000252,HP:0001250,HP:0002126,HP:0012736,HP:0000750,HP:0001256,HP:0010864,HP:5200044,HP:5200310,HP:0000717,HP:0002693,HP:0002691,HP:0001999,HP:0000126,HP:0002101,HP:0001252",2,2,22,,
UC1_IMGGE_178,1,99,2,,,99,1,,,99,,CSS,,,,10,20,1,2,1,,,1,,1,1,,,,,,,,,,,1,,,,,,,,,,,,,,,1,,,98.0,,67.0,1,,Serbia,19/09/1993,,1,,1,1,,1,SOX4,Chr6_21595574_C_A,p.Ser347Ter,Heterozygous,"HP:0001274,HP:0031165,HP:0000280,HP:0000574,HP:0011231,HP:0005280,HP:0000463,HP:0012810,HP:0000289,HP:0000154,HP:0000219,HP:0000179,HP:0001382,HP:0000998,HP:0004325,HP:0000002,HP:0005832,HP:0000696,HP:0000508,HP:0000545,HP:0001636,HP:0012211,HP:0001252",2,1,6,1.0,NM_003107.3
UC1_IMGGE_179,1,2,99,,,1,99,,,2,,CHARGE,,,,2,3,1,2,3,,,1,,99,1,,,,,,,,,,,1,,,,,,,,,,,,,,,1,,,,,96.0,1,,Serbia,20/02/1990,,2,,99,99,,1,CHD7,Chr8_60830422_T_A,p.Val1208Asp,Heterozygous,"HP:0000589,HP:0000453,HP:0010628,HP:0000407,HP:0001751,HP:0030895,HP:0031703,HP:0410030,HP:0001510,HP:0000821,HP:0001263,HP:0001249,HP:0030680,HP:0002575,HP:0010558,HP:0000252,HP:0001305,HP:0031165",99,2,8,1.0,NM_017780.4
UC1_IMGGE_180,3,1,2,,,2,1,,,99,,Kabuki 1,,,,3,2,1,2,3,,,1,,2,1,,,,,,,,,,,1,,,,,,,,,,,,,,,1,,,13.0,,,2,,Serbia,26/07/1985,,1,,1,99,,1,any,,,,"HP:0001508,HP:0001513,HP:0000508,HP:0000589,HP:0200057,HP:0000411,HP:0000378,HP:0008523,HP:0012781,HP:0000218,HP:0007655,HP:0002553,HP:0011229,HP:0002000|HP:0000437,HP:0002265,HP:0000411,HP:0000378,HP:0000668|HP:0000690|HP:0200161|HP:4000093|HP:0011057,HP:0006482,HP:0000689,HP:0001627,HP:0045017,HP:0001680,HP:0011968,HP:0002015,HP:0002020,HP:0000126,HP:0001382,HP:0002808,HP:0001212,HP:0010314,HP:0004322,HP:0002719,HP:0005432,HP:0002720,HP:0001045,HP:0001249,HP:0001252",1,2,,,
UC1_IMGGE_181,3,99,99,,,2,2,,,2,,Smith-Magenis,,,,10,4,1,2,3,,,1,,99,1,,,,,,,,,,,1,,,,,,,,,,,,,,,1,,,83.5,,46.0,1,,Serbia,17/11/1985,,99,,99,1,,1,RAI1,Chr17_17797629_C_T,p.Arg1561Ter,Heterozygous,"HP:0000248,HP:0000303,HP:0000283,HP:0000490, HP:0011051,HP:0000679,HP:0004324,HP:0012743,HP:0000741,HP:0003474,HP:0003474,HP:0001263,HP:0100543,HP:0002463,HP:0006979,HP:0007018,HP:0100851,HP:0100710,HP:0000733,HP:0100716,HP:0000370,HP:0001600,HP:0010780,HP:0001609,HP:0004322,HP:0010952,HP:0000486,HP:0000525,HP:5200291,HP:0003124,HP:0002155,HP:0012450,HP:0000717,HP:0011772,HP:0010978,HP:0410030,HP:0001252",1,1,17,1.0,NM_030665.4
UC1_IMGGE_182,1,2,99,,,2,1,,,2,,Phelan-McDermid,,,,10,3,1,2,2,,,1,,1,1,,,,,,,,,,,1,,,,,,,,,,,,,,,1,,,,,,2,,Serbia,09/11/1983,,2,,1,1,,1,Del22q13.33,Del22q13.33,,,"HP:0001263,HP:0001249,HP:0000750,HP:0000817,HP:0004372,HP:0001250,HP:0012448,HP:0002011,HP:0100702,HP:0008762,HP:0002360,HP:0000445,HP:0000431,HP:0001252",2,2,22,1.0,
UC1_IMGGE_183,2,1,2,,,99,1,,,99,,Tatton-Brown-Rahman,,,,2,20,1,2,1,,,1,,1,1,,,,,,,,,,,1,,,,,,,,,,,,,,,1,,,,,25.0,2,,Serbia,06/07/1983,,1,,1,1,,1,DNMT3A,Chr2_25234307_G_A,p.Pro904Leu,Heterozygous,"HP:0001548,HP:0000098,HP:0000256,HP:0025502,HP:0002342,HP:0000718,HP:0007302,HP:0000722,HP:0001373,HP:0002751,HP:0004808,HP:0000311|HP:0000280,HP:0000675,HP:0010536,HP:0001252",1,2,2,1.0,NM_022552.5
UC1_IMGGE_184,3,1,2,,,2,99,,,2,,Williams,,,,3,20,1,2,3,,,1,,2,1,,,,,,,,,,,1,,,,,,,,,,,,,,,1,,,88.5,,34.0,2,,Serbia,07/05/1986,,1,,99,99,,1,Del7q11.23,Del7q11.23,,,"HP:0001263,HP:0001256,HP:0100025,HP:0031466,HP:0007018,HP:0006979,HP:0005291,HP:0004381,HP:0000822,HP:0005184,HP:0000540,HP:0000403,HP:5200060,HP:0000407,HP:0000691,HP:0000689,HP:0002019,HP:0001537,HP:0002035,HP:0000012,HP:0001382,HP:0034392,HP:0001609,HP:0001027,HP:0003072,HP:0000252,HP:0000337,HP:0000341,HP:0000629,HP:0012775,HP:0000486,HP:0003196,HP:0000455,HP:0000272,HP:0000343,HP:0000179|HP:0000215,HP:0000154,HP:0000689,HP:0000347,HP:0009748,HP:0000286,HP:0000293,HP:0000692,HP:0000276,HP:0200021,HP:0001252",1,2,17,1.0,
UC1_IMGGE_185,100,99,2,,,99,1,,,2,,Kabuki 2,,,,10,3,1,2,3,,,1,,99,1,,,,,,,,,,,1,,,,,,,,,,,,,,,1,,,,,,99,,Serbia,19/04/2006,,2,,99,1,,1,any,,,,"HP:0001508,HP:0001513,HP:0000486,HP:0000411,HP:0000378,HP:0000218,HP:0007655,HP:0002553,HP:0011229,HP:0002000|HP:0000437,HP:0002265,HP:0000411,HP:0000378,HP:0000668|HP:0000690|HP:0200161|HP:4000093|HP:0011057,HP:0006482,HP:0040220,HP:0000687,HP:0045017,HP:0001680,HP:0001710,HP:0011968,HP:0002015,HP:0001382,HP:0002650,HP:0001212,HP:0004322,HP:0000873,HP:0002719,HP:0002720,HP:0001249,HP:0001252",1,2,,,
UC1_IMGGE_186,2,1,1,,,2,2,,,99,,CSS,,,,3,4,1,2,2,,,1,,2,1,,,,,,,,,,,1,,,,,,,,,,,,,,,1,,,16.5,,,2,,Serbia,05/10/1997,,1,,1,2,,1,ARID1B,Chr6_157084773_C_T,p.Gln787Ter,Heterozygous,"HP:0000718,HP:0034206,HP:0100033,HP:0000280,HP:0000574,HP:0000455,HP:0012810,HP:0009928,HP:0000289,HP:0000179,HP:0001792,HP:0030084,HP:0005832,HP:0000998,HP:0000294,HP:0004325,HP:0000002,HP:0000508,HP:0000486,HP:0001671,HP:0000028,HP:0001252",99,1,6,1.0,NM_001374828.1
UC1_IMGGE_187,1,99,2,,,2,99,,,99,,CHARGE,,,,3,2,1,2,2,,,1,,2,1,,,,,,,,,,,1,,,,,,,,,,,,,,,1,,,,,,1,,Serbia,08/03/2009,,2,,99,2,,1,CHD7,Chr8_60742036_C_T,p.Gln202Ter,Heterozygous,"HP:0000589,HP:0004409,HP:0000458,HP:0000407,HP:0001751,HP:0031703,HP:0410030,HP:0001510,HP:0001263,HP:0030680,HP:0000246,HP:0010558,HP:0001305,HP:0002079,HP:0001320,HP:0000077",99,1,8,1.0,NM_017780.4
UC1_IMGGE_188,100,99,99,,,2,2,,,1,,Kleefstra,,,,10,1,1,2,1,,,1,,1,1,,,,,,,,,,,1,,,,,,,,,,,,,,,1,,,,,36.0,2,,Serbia,14/11/1983,,1,,1,1,,1,EHMT1,Chr9_137728442_C_T,p.Arg246Ter,Heterozygous,"HP:0000248,HP:0000337,HP:0000534,HP:0000582,HP:0011800,HP:0000391,HP:0003196,HP:0000463,HP:0000232,HP:0010804,HP:0010808,HP:0000303,HP:0001249,HP:0002360,HP:0100716,HP:0000717,HP:0000540,HP:0000365,HP:0001631,HP:0001680,HP:0000076,HP:0000047,HP:0000028,HP:0011152,HP:0001762",1,2,9,1.0,NM_024757.5
UC1_IMGGE_189,3,2,2,,,2,1,,,2,,Smith-Magenis,,,,2,3,1,2,3,,,1,,2,1,,,,,,,,,,,1,,,,,,,,,,,,,,,1,,,,,,99,,Serbia,14/02/2009,,2,,2,2,,1,RAI1,Chr17_17795339_CCCCCC_CCCCCCC,p.Gly800fs,Heterozygous,"HP:0000248,HP:0000303,HP:0000283,HP:0000321,HP:0010803|HP:0010804,HP:0001169|HP:0004279, HP:0011051,HP:0000679,HP:0004324,HP:0012743,HP:0000741,HP:0003474,HP:0003474,HP:0001263,HP:0100543,HP:0002463,HP:0006979,HP:0007018,HP:0100710,HP:0000733,HP:0001265,HP:0009830,HP:0000370,HP:0001600,HP:0000365,HP:0010780,HP:0001609,HP:0004322,HP:0000220,HP:0000486,HP:0000545,HP:5200291,HP:0003124,HP:0002155,HP:0012450,HP:0000717,HP:0001627,HP:0000079",2,1,17,1.0,NM_030665.4
UC1_IMGGE_190,100,2,99,,,99,2,,,2,,Kleefstra,,,,2,2,1,2,3,,,1,,1,1,,,,,,,,,,,1,,,,,,,,,,,,,,,1,,,63.0,,,1,,Serbia,17/04/1995,,1,,99,1,,1,Del9q34.3,Del9q34.3,,,"HP:0001513,HP:0000248,HP:0000337,HP:0000534,HP:0000582,HP:0011800,HP:0000391,HP:0003196,HP:0000463,HP:0000232,HP:0010804,HP:0010808,HP:0000303,HP:0001249,HP:0006863,HP:0100716,HP:0000717,HP:0000365,HP:0001710,HP:0001636,HP:0001680,HP:0001647,HP:0000028,HP:0000054,HP:0002069,HP:0001762,HP:0002779",2,2,9,1.0,
UC1_IMGGE_191,100,99,2,,,1,1,,,1,,Kabuki 1,,,,10,4,1,2,2,,,1,,2,1,,,,,,,,,,,1,,,,,,,,,,,,,,,1,,,3.5,,55.5,99,,Serbia,19/11/2001,,2,,2,2,,1,any,,,,"HP:0001513,HP:0000411,HP:0000378,HP:0008523,HP:0012781,HP:0410030,HP:0000174,HP:0000218,HP:0007655,HP:0002553,HP:0011229,HP:0002000|HP:0000437,HP:0002265,HP:0000411,HP:0000378,HP:0000668|HP:0000690|HP:0200161|HP:4000093|HP:0011057,HP:0006482,HP:0000687,HP:0001627,HP:0045017,HP:0001680,HP:0011625,HP:0001647,HP:0011968,HP:0002275,HP:0002015,HP:0002020,HP:0001212,HP:0004322,HP:0002719,HP:0005432,HP:0002720,HP:0001045,HP:0001973,HP:0001249",99,2,,,
UC1_IMGGE_192,100,1,1,,,2,2,,,2,,Phelan-McDermid,,,,3,3,1,2,2,,,1,,2,1,,,,,,,,,,,1,,,,,,,,,,,,,,,1,,,,,9.0,99,,Serbia,14/01/1981,,2,,99,1,,1,Del22q13.33,Del22q13.33,,,"HP:0001263,HP:0001249,HP:0000750,HP:5200242,HP:0000718,HP:0012534,HP:0001274,HP:0007204,HP:0002280,HP:0100702,HP:0008762,HP:0012762,HP:0002360,HP:5200204,HP:0000365,HP:0000020,HP:0000126|HP:0010945,HP:0000076,HP:0000826,HP:0000689,HP:0100658,HP:0000445,HP:0000431,HP:0000414,HP:0000629,HP:0001631,HP:0001252",99,2,22,1.0,
UC1_IMGGE_193,3,99,2,,,2,99,,,1,,Kleefstra,,,,10,4,1,2,1,,,1,,1,1,,,,,,,,,,,1,,,,,,,,,,,,,,,1,,,22.0,,,99,,Serbia,05/11/1993,,1,,2,1,,1,EHMT1,Chr9_137798873_C_T,p.Gln856Ter,Heterozygous,"HP:0001513,HP:0000248,HP:0000337,HP:0000534,HP:0000582,HP:0011800,HP:0000391,HP:0003196,HP:0000463,HP:0000232,HP:0010804,HP:0010808,HP:0000303,HP:0001249,HP:0006863,HP:0002360,HP:0000733,HP:0100716,HP:0000717,HP:0000540,HP:0000365,HP:0001631,HP:0001629,HP:0001636,HP:0001680,HP:0001647,HP:0000028,HP:0002069,HP:0002933,HP:0002780,HP:0001252",1,2,9,1.0,NM_024757.5
UC1_IMGGE_194,2,99,1,,,99,2,,,99,,22q11.2 deletion,,,,1,3,1,2,1,,,1,,1,1,,,,,,,,,,,1,,,,,,,,,,,,,,,1,,,100.0,,92.0,1,,Serbia,21/02/1991,,1,,99,1,,1,Del22q11,Del22q11,,,"HP:0001627,HP:0001636,HP:0000174,HP:0000175,HP:0000220,HP:0002019,HP:0011839,HP:0011108,HP:0001513,HP:0011523,HP:0012841,HP:0031703,HP:0005105,HP:0011333,HP:0000347,HP:0000396,HP:0030026,HP:0000378,HP:0008771,HP:0004467,HP:0000402,HP:0000430,HP:0000456,HP:0025788,HP:0002389,HP:0011342,HP:0000750,HP:0000734,HP:0002693,HP:0002691,HP:0001999,HP:0003319,HP:0002650,HP:0001762,HP:0002999,HP:0001252",2,1,22,,
UC1_IMGGE_195,2,99,2,,,99,99,,,1,,Kleefstra,,,,10,3,1,2,3,,,1,,2,1,,,,,,,,,,,1,,,,,,,,,,,,,,,1,,,,,,99,,Serbia,23/08/2020,,99,,2,1,,1,Del9q34.3,Del9q34.3,,,"HP:0000248,HP:0000337,HP:0000534,HP:0000582,HP:0011800,HP:0000391,HP:0003196,HP:0000463,HP:0000232,HP:0010804,HP:0010808,HP:0000303,HP:0001249,HP:0006863,HP:0002360,HP:0000733,HP:0000717,HP:0000540,HP:0001636,HP:0000126,HP:0000028,HP:0002069,HP:0001762,HP:0002933,HP:0001252",1,2,9,1.0,
UC1_IMGGE_196,2,99,2,,,1,1,,,1,,Phelan-McDermid,,,,2,4,1,2,1,,,1,,1,1,,,,,,,,,,,1,,,,,,,,,,,,,,,1,,,,,,1,,Serbia,12/06/1985,,2,,99,99,,1,Del22q13.33,Del22q13.33,,,"HP:0001263,HP:0001249,HP:0000750,HP:5200316,HP:0001250,HP:0001274,HP:0007204,HP:0002011,HP:0002280,HP:0008762,HP:0002360,HP:0012210,HP:0002020,HP:0000307,HP:0000414,HP:0001252",2,2,22,1.0,
UC1_IMGGE_197,4,1,2,,,99,1,,,2,,Rubinstein-Taybi 2,,,,3,4,1,2,3,,,1,,1,1,,,,,,,,,,,1,,,,,,,,,,,,,,,1,,,36.0,,38.5,99,,Serbia,06/01/1995,,1,,2,99,,1,CREBBP,Chr16_3782810_G_A,p.Arg483Ter,Heterozygous,"HP:0008897,HP:0000252,HP:0001513,HP:0000486,HP:0000539,HP:0000508,HP:0000579,HP:0000589,HP:0000639,HP:0008007,HP:0000481,HP:0008046,HP:0000347,HP:0001601,HP:0001643,HP:0001642,HP:0001660,HP:0001650,HP:0000081,HP:0000787,HP:0011968,HP:0002020,HP:0002019,HP:0002566,HP:0002027,HP:0012732,HP:0006156,HP:0010100,HP:0003084,HP:0001305,HP:0000678,HP:0000670,HP:0000668,HP:0011069,HP:0000695,HP:0006297,HP:0030434,HP:0012710,HP:0003006,HP:0001263,HP:0000750,HP:0100710,HP:0000736,HP:0000712,HP:0031432,HP:0000729,HP:0012794,HP:0001252",99,1,16,1.0,NM_004380.3
UC1_IMGGE_198,100,99,1,,,2,99,,,2,,Smith-Magenis,,,,10,4,1,2,3,,,1,,99,1,,,,,,,,,,,1,,,,,,,,,,,,,,,1,,,,,20.0,2,,Serbia,20/05/2014,,1,,99,1,,1,RAI1,Chr17_17795712_AG_.,p.Glu923fs,Heterozygous,"HP:0011800,HP:0000303,HP:0000283,HP:0000321,HP:0010803|HP:0010804,HP:0000490,HP:0001169|HP:0004279, HP:0011051,HP:0004324,HP:0000741,HP:0003474,HP:0003474,HP:0002463,HP:0006979,HP:0007018,HP:0100851,HP:0000733,HP:0100716,HP:0001265,HP:0009830,HP:0000370,HP:0001600,HP:0010780,HP:0001609,HP:0004322,HP:0010952,HP:0005607,HP:0000220,HP:0000486,HP:0000525,HP:0000482,HP:5200291,HP:0000717,HP:0002720,HP:0410030,HP:0001252",99,1,17,1.0,NM_030665.4
UC1_IMGGE_199,3,99,99,,,1,2,,,2,,Rubinstein-Taybi 2,,,,3,1,1,2,1,,,1,,99,1,,,,,,,,,,,1,,,,,,,,,,,,,,,1,,,,,,2,,Serbia,27/09/2011,,1,,99,1,,1,CREBBP,Chr16_3749626_C_T,--,Heterozygous,"HP:0000252,HP:0000486,HP:0000508,HP:0000579,HP:0000518,HP:0000589,HP:0000639,HP:0008007,HP:0000481,HP:0008046,HP:0002870,HP:0001631,HP:0001629,HP:0001680,HP:0010775,HP:0031546,HP:0000047,HP:0000010,HP:0000028,HP:0002020,HP:0002019,HP:0002566,HP:0002027,HP:0025085,HP:0012732,HP:0006156,HP:0010100,HP:0002999,HP:0001382,HP:0100711,HP:0046508,HP:0002650,HP:0000678,HP:0000689,HP:0000670,HP:0000668,HP:0011069,HP:0000695,HP:0011087,HP:0002885,HP:0001263,HP:0000750,HP:0100710,HP:0000712,HP:0100025,HP:0012534,HP:0000718,HP:0000729,HP:0001273,HP:0006989,HP:0012794",2,1,16,1.0,NM_004380.3
UC1_IMGGE_200,2,1,99,,,99,1,,,99,,Rubinstein-Taybi 1,,,,3,1,1,2,2,,,1,,2,1,,,,,,,,,,,1,,,,,,,,,,,,,,,1,,,,,84.0,99,,Serbia,25/10/2008,,99,,99,99,,1,CREBBP,Chr16_3740454_G_A,p.Arg1360Ter,Heterozygous,"HP:0008897,HP:0000252,HP:0000486,HP:0000539,HP:0000508,HP:0000518,HP:0000639,HP:0008007,HP:0000481,HP:0008046,HP:0000405,HP:0002870,HP:0002779,HP:0002780,HP:0001631,HP:0001642,HP:0011968,HP:0002020,HP:0002019,HP:0002027,HP:0025085,HP:0012732,HP:0006156,HP:0010100,HP:0002999,HP:0001382,HP:0003084,HP:0002650,HP:0002693,HP:0000678,HP:0011069,HP:0000695,HP:0006297,HP:0012710,HP:0002719,HP:0030434,HP:0002858,HP:0000825,HP:0001263,HP:0000750,HP:0100710,HP:0000712,HP:0031432,HP:0000718,HP:0000729,HP:0000739,HP:0001273,HP:0033745,HP:0012794,HP:0001252",1,1,16,1.0,NM_004380.3
UC1_IMGGE_201,4,99,2,,,99,2,,,2,,Rubinstein-Taybi 2,,,,2,1,1,2,1,,,1,,1,1,,,,,,,,,,,1,,,,,,,,,,,,,,,1,,,59.5,,,1,,Serbia,22/07/1994,,99,,99,99,,1,any,,,,"HP:0008897,HP:0000252,HP:0001513,HP:0000539,HP:0000508,HP:0000579,HP:0000589,HP:0000639,HP:0008007,HP:0000481,HP:0008046,HP:0000405,HP:0002870,HP:0001601,HP:0002779,HP:0002780,HP:0000126,HP:0000081,HP:0000028,HP:0011968,HP:0002019,HP:0002566,HP:0002027,HP:0025085,HP:0012732,HP:0006156,HP:0010100,HP:0001382,HP:0100711,HP:0046508,HP:0000678,HP:0000668,HP:0011069,HP:0011087,HP:0012710,HP:0000388,HP:0002885,HP:0030434,HP:0001263,HP:0000750,HP:0100710,HP:0000712,HP:0031432,HP:0100025,HP:0001273,HP:0012794",99,1,,,
UC1_IMGGE_202,100,1,2,,,2,1,,,99,,22q11.2 deletion,,,,2,20,1,2,2,,,1,,2,1,,,,,,,,,,,1,,,,,,,,,,,,,,,1,,,,,10.5,99,,Serbia,23/10/1997,,99,,2,1,,1,Del22q11,Del22q11,,,"HP:0001627,HP:0001629,HP:0000220,HP:0002019,HP:0002575,HP:0031379,HP:0005435,HP:0000836,HP:0001904,HP:0004322,HP:0012841,HP:0031703,HP:0005105,HP:0011333,HP:0000347,HP:0000396,HP:0030026,HP:0008771,HP:0000411,HP:0000402,HP:0000407|HP:0000405,HP:0000414,HP:0000430,HP:0000456,HP:0011333,HP:0025788,HP:0011342,HP:0012736,HP:0000750,HP:0000750,HP:0010864,HP:0000739,HP:0030223,HP:5200310,HP:0002693,HP:0002691,HP:0005881,HP:0000126,HP:0002890,HP:0001252",1,2,22,,
UC1_IMGGE_203,3,99,99,,,1,99,,,2,,Kabuki 2,,,,1,4,1,2,3,,,1,,2,1,,,,,,,,,,,1,,,,,,,,,,,,,,,1,,,,,10.5,99,,Serbia,12/11/2019,,1,,99,1,,1,KMT2D,Chr12_49033961_G_A,p.Arg3582Trp,Heterozygous,"HP:0001508,HP:0001513,HP:0008897,HP:0000592,HP:0000486,HP:0200057,HP:0000411,HP:0000378,HP:0008523,HP:0410030,HP:0000174,HP:0007655,HP:0002553,HP:0011229,HP:0002000|HP:0000437,HP:0002265,HP:0000411,HP:0000378,HP:0000668|HP:0000690|HP:0200161|HP:4000093|HP:0011057,HP:0006482,HP:0000689,HP:0001627,HP:0045017,HP:0001680,HP:0001647,HP:0011968,HP:0002275,HP:0002020,HP:0001396,HP:0001382,HP:0001212,HP:0004322,HP:0008209,HP:0002719,HP:0031380,HP:0001249,HP:0001252",2,2,12,1.0,NM_003482.4
UC1_IMGGE_204,100,99,1,,,2,1,,,99,,Tatton-Brown-Rahman,,,,10,2,1,2,1,,,1,,1,1,,,,,,,,,,,1,,,,,,,,,,,,,,,1,,,1.5,,,1,,Serbia,05/08/2015,,2,,99,1,,1,DNMT3A,Chr2_25234307_G_A,p.Pro904Leu,Heterozygous,"HP:0001548,HP:0000256,HP:0002342,HP:0000722,HP:0002761,HP:0001373,HP:0045025,HP:0000675,HP:0010536",2,2,2,1.0,NM_022552.5
UC1_IMGGE_205,4,2,1,,,2,99,,,2,,Kleefstra,,,,1,2,1,2,2,,,1,,1,1,,,,,,,,,,,1,,,,,,,,,,,,,,,1,,,53.0,,,1,,Serbia,14/09/1981,,99,,2,1,,1,Del9q34.3,Del9q34.3,,,"HP:0000248,HP:0000337,HP:0000534,HP:0000582,HP:0011800,HP:0000391,HP:0003196,HP:0000463,HP:0000232,HP:0010804,HP:0010808,HP:0000303,HP:0001249,HP:0006863,HP:0002360,HP:0000733,HP:0100716,HP:0000717,HP:0000540,HP:0000365,HP:0000047,HP:0001762,HP:0001252",99,2,9,1.0,
UC1_IMGGE_206,1,99,99,,,99,99,,,1,,Kabuki 2,,,,3,20,1,2,1,,,1,,1,1,,,,,,,,,,,1,,,,,,,,,,,,,,,1,,,,,16.5,1,,Serbia,25/07/1983,,99,,99,99,,1,any,,,,"HP:0001513,HP:0000592,HP:0200057,HP:0008523,HP:0012781,HP:0410030,HP:0007655,HP:0002553,HP:0011229,HP:0002000|HP:0000437,HP:0002265,HP:0000411,HP:0000378,HP:0040220,HP:0001627,HP:0001680,HP:0001633,HP:0001710,HP:0004383,HP:0002275,HP:0002020,HP:0001382,HP:0002808,HP:0001212,HP:0010314,HP:0004322,HP:0002719,HP:0005432,HP:0031165,HP:0001249,HP:0001252",1,2,,,
UC1_IMGGE_207,3,99,2,,,99,1,,,99,,Rubinstein-Taybi 2,,,,10,1,1,2,3,,,1,,99,1,,,,,,,,,,,1,,,,,,,,,,,,,,,1,,,,,,1,,Serbia,30/01/1999,,1,,1,2,,1,EP300,Chr22_41178028_ATCCCTGGGCAGCCTGGCAT_.,p.Ile2100fs,Heterozygous,"HP:0008897,HP:0000252,HP:0001513,HP:0000486,HP:0000539,HP:0000579,HP:0000518,HP:0000589,HP:0000639,HP:0008007,HP:0008046,HP:0001601,HP:0002780,HP:0010775,HP:0000028,HP:0011968,HP:0002020,HP:0002019,HP:0002566,HP:0002027,HP:0025085,HP:0012732,HP:0006156,HP:0001382,HP:0100711,HP:0003084,HP:0046508,HP:0000678,HP:0000689,HP:0011069,HP:0000695,HP:0011087,HP:0012710,HP:0002859,HP:0002885,HP:0030434,HP:0001263,HP:0000750,HP:0100710,HP:0000712,HP:0031432,HP:0100025,HP:0000718,HP:0000729,HP:0000739,HP:0001273,HP:0033745,HP:0012794,HP:0001252",99,1,22,1.0,NM_001429.4
UC1_IMGGE_208,3,99,2,,,99,1,,,1,,Kabuki 1,,,,1,4,1,2,3,,,1,,99,1,,,,,,,,,,,1,,,,,,,,,,,,,,,1,,,,,,99,,Serbia,18/11/2005,,99,,1,2,,1,any,,,,"HP:0001508,HP:0000592,HP:0000411,HP:0000378,HP:0008523,HP:0012781,HP:0000218,HP:0007655,HP:0002553,HP:0011229,HP:0002000|HP:0000437,HP:0002265,HP:0000411,HP:0000668|HP:0000690|HP:0200161|HP:4000093|HP:0011057,HP:0040220,HP:0001627,HP:0045017,HP:0004383,HP:0011968,HP:0002808,HP:0001212,HP:0004322,HP:0002719,HP:0002720,HP:0031165,HP:0001305,HP:0001249,HP:0001252",2,2,,,
UC1_IMGGE_209,1,1,2,,,2,2,,,1,,CHARGE,,,,2,3,1,2,3,,,1,,99,1,,,,,,,,,,,1,,,,,,,,,,,,,,,1,,,19.5,,5.5,1,,Serbia,14/10/1997,,2,,2,1,,1,CHD7,Chr8_60795128_G_A,--,Heterozygous,"HP:0000589,HP:0004409,HP:0000458,HP:0000407,HP:0001751,HP:0030895,HP:0031703,HP:0000175,HP:0001510,HP:0001263,HP:0001249,HP:0030680,HP:0010558,HP:0002119,HP:0001305,HP:0001320,HP:0031165,HP:0000077,HP:0001252",2,2,8,1.0,NM_017780.4
UC1_IMGGE_210,100,1,1,,,1,1,,,1,,CHARGE,,,,1,3,1,2,1,,,1,,2,1,,,,,,,,,,,1,,,,,,,,,,,,,,,1,,,36.0,,,2,,Serbia,20/08/2010,,99,,1,99,,1,CHD7,Chr8_60836861_G_A,p.Arg1345His,Heterozygous,"HP:0000453,HP:0004409,HP:0000458,HP:0000407,HP:0001751,HP:0030895,HP:0031703,HP:0001510,HP:0001263,HP:0001249,HP:0002575,HP:0010558,HP:0000252,HP:0001320",2,2,8,1.0,NM_017780.4
UC1_IMGGE_211,3,99,1,,,99,99,,,2,,CSS,,,,10,2,1,2,1,,,1,,2,1,,,,,,,,,,,1,,,,,,,,,,,,,,,1,,,64.5,,35.5,99,,Serbia,22/07/1999,,99,,2,99,,1,any,,,,"HP:0000752,HP:0034206,HP:0001305,HP:0009879,HP:0000280,HP:0011231,HP:0003196,HP:0009928,HP:0000289,HP:0000179,HP:0005832,HP:0001382,HP:0002650,HP:0000998,HP:0000294,HP:0002209,HP:0004325,HP:0000002,HP:0005832,HP:0000508,HP:0000486,HP:0001643,HP:0012211,HP:0000028,HP:0001252",2,1,,,
UC1_IMGGE_212,1,1,99,,,2,99,,,1,,PKU,,,,2,3,1,2,1,,,1,,1,1,,,,,,,,,,,1,,,,,,,,,,,,,,,1,,,61.5,,,1,,Serbia,06/12/1992,,2,,99,99,,2,PAH,Chr12_102917066_C_A,--,Homozygous,"HP:0001249,HP:0100022,HP:0001250,HP:0000252,HP:0001010,HP:0005599,HP:0000964,HP:0000739,HP:0000776,HP:0410030,HP:0001511",1,2,12,2.0,NM_000277.3
UC1_IMGGE_213,100,2,99,,,1,1,,,2,,Williams,,,,3,3,1,2,1,,,1,,99,1,,,,,,,,,,,1,,,,,,,,,,,,,,,1,,,,,,1,,Serbia,10/06/2015,,1,,2,1,,1,Del7q11.23,Del7q11.23,,,"HP:0001263,HP:0100025,HP:0031466,HP:0000739,HP:0007018,HP:0006979,HP:0100545,HP:0005291,HP:0004381,HP:0004969,HP:0001634,HP:0000403,HP:5200060,HP:0000407,HP:0000691,HP:0011968,HP:0002019,HP:0001537,HP:0000012,HP:0000015,HP:0001382,HP:0034392,HP:0002650,HP:0001609,HP:0001027,HP:0004322,HP:0000826,HP:0000337,HP:0000341,HP:0000629,HP:0012775,HP:0000486,HP:0003196,HP:0000455,HP:0000272,HP:0000343,HP:0000179|HP:0000215,HP:0000154,HP:0000689,HP:0000347,HP:0009748,HP:0000286,HP:0000293,HP:0000692,HP:0000276,HP:0200021",1,1,17,1.0,
UC1_IMGGE_214,2,99,1,,,2,2,,,1,,22q11.2 deletion,,,,3,2,1,2,1,,,1,,2,1,,,,,,,,,,,1,,,,,,,,,,,,,,,1,,,,,88.0,99,,Serbia,12/07/1990,,2,,1,1,,1,Del22q11,Del22q11,,,"HP:0001627,HP:0001647,HP:0000175,HP:0000220,HP:0000220,HP:0002019,HP:0002575,HP:0011839,HP:0000829,HP:0004322,HP:0000486,HP:0005105,HP:0011333,HP:0000396,HP:0030026,HP:0000378,HP:0000411,HP:0000402,HP:0000426,HP:0000456,HP:0025788,HP:0011342,HP:0000750,HP:0100710|HP:0100962,HP:5200044,HP:5200310,HP:0000717,HP:0002693,HP:0002691,HP:0001999,HP:0012303,HP:0003312,HP:0001762,HP:0000077,HP:0003006",1,1,22,,
UC1_IMGGE_215,3,99,2,,,1,99,,,99,,CSS,,,,1,20,1,2,2,,,1,,99,1,,,,,,,,,,,1,,,,,,,,,,,,,,,1,,,,,31.0,1,,Serbia,16/09/2007,,99,,1,1,,1,any,,,,"HP:0009879,HP:0001274,HP:0031165,HP:0000280,HP:0000574,HP:0011231,HP:0005280,HP:0000455,HP:0009928,HP:0000289,HP:0000154,HP:0000219,HP:0000179,HP:0030084,HP:0005832,HP:0001382,HP:0000998,HP:0000294,HP:0002209,HP:0004325,HP:0000002,HP:0005832,HP:0000508,HP:0002719,HP:0000028",1,1,,,
UC1_IMGGE_216,2,2,99,,,1,1,,,2,,Noonan,,,,2,1,1,2,3,,,1,,2,1,,,,,,,,,,,1,,,,,,,,,,,,,,,1,,,10.0,,99.0,2,,Serbia,13/09/2011,,2,,1,2,,1,LZTR1,Chr22_20988074_C_G,p.Tyr155Ter,Homozygous,"HP:0000478,HP:0001382,HP:0000766,HP:0000365,HP:0001328,HP:0000978,HP:0025701,HP:0003115,HP:0011443,HP:0009088,HP:0002463,HP:0000737,HP:0000739,HP:0000348,HP:0000316|HP:0000494,HP:0000358,HP:0000288,HP:0000215,HP:0000470|HP:0000474,HP:0002162,HP:0000520,HP:0008050,HP:0000316,HP:0000508,HP:0005280,HP:0012810,HP:0001782,HP:0000298,HP:0000325,HP:0000290,HP:0000472,HP:0000917,HP:0000767,HP:0040402,HP:0000678,HP:0000508,HP:0000486,HP:0000539,HP:0000646,HP:0000639",99,1,22,,NM_006767.4
UC1_IMGGE_217,1,1,99,,,1,2,,,1,,PKU,,,,3,4,1,2,3,,,1,,99,1,,,,,,,,,,,1,,,,,,,,,,,,,,,1,,,,,,99,,Serbia,21/10/1996,,99,,2,2,,2,PAH,Chr12_102839194_G_T,p.Ala447Asp,Homozygous,"HP:0001249,HP:0100022,HP:0001250,HP:0000252,HP:0001010,HP:0005599,HP:0000964,HP:0000716,HP:0001511,HP:0001252",2,2,12,2.0,NM_000277.3
UC1_IMGGE_218,4,99,1,,,1,1,,,99,,Kabuki 1,,,,1,4,1,2,3,,,1,,1,1,,,,,,,,,,,1,,,,,,,,,,,,,,,1,,,45.5,,,99,,Serbia,21/01/2003,,2,,99,1,,1,KMT2D,Chr12_49030395_GGGGGG_GGGGG,p.Thr4629fs,Heterozygous,"HP:0001508,HP:0000592,HP:0000589,HP:0200057,HP:0000411,HP:0000378,HP:0008523,HP:0000174,HP:0007655,HP:0002553,HP:0011229,HP:0002000|HP:0000437,HP:0002265,HP:0000411,HP:0000378,HP:0000668|HP:0000690|HP:0200161|HP:4000093|HP:0011057,HP:0045017,HP:0004383,HP:0011968,HP:0002275,HP:0002020,HP:0000077,HP:0001212,HP:0004322,HP:0002719,HP:0031380,HP:0001249,HP:0007018,HP:0001252",1,2,12,1.0,NM_003482.4
UC1_IMGGE_219,1,1,2,,,99,1,,,1,,Williams,,,,10,2,1,2,3,,,1,,2,1,,,,,,,,,,,1,,,,,,,,,,,,,,,1,,,44.5,,,1,,Serbia,24/06/1981,,2,,2,99,,1,Del7q11.23,Del7q11.23,,,"HP:0001263,HP:0100025,HP:0031466,HP:0000739,HP:0007018,HP:0006979,HP:0100545,HP:0005291,HP:0004969,HP:0000540,HP:0000403,HP:5200060,HP:0000691,HP:0000689,HP:0011968,HP:0001537,HP:0000012,HP:0001382,HP:0034392,HP:0001027,HP:0000252,HP:0000337,HP:0000341,HP:0000629,HP:0012775,HP:0000486,HP:0003196,HP:0000455,HP:0000272,HP:0000343,HP:0000179|HP:0000215,HP:0000154,HP:0000689,HP:0000347,HP:0009748,HP:0000286,HP:0000293,HP:0000692,HP:0000276,HP:0200021",2,1,17,1.0,
UC1_IMGGE_220,3,1,2,,,2,2,,,99,,Kleefstra,,,,2,20,1,2,3,,,1,,99,1,,,,,,,,,,,1,,,,,,,,,,,,,,,1,,,97.5,,,1,,Serbia,13/07/2014,,2,,99,99,,1,EHMT1,Chr9_137757978_C_T,p.Arg490Ter,Heterozygous,"HP:0001513,HP:0000248,HP:0000337,HP:0000534,HP:0000582,HP:0011800,HP:0000391,HP:0003196,HP:0000463,HP:0000232,HP:0010804,HP:0010808,HP:0000303,HP:0001249,HP:0006863,HP:0002360,HP:0000540,HP:0001631,HP:0001629,HP:0000047,HP:0000028,HP:0001762,HP:0002779,HP:0001252",99,2,9,1.0,NM_024757.5
UC1_IMGGE_221,4,99,1,,,99,2,,,1,,Smith-Magenis,,,,1,2,1,2,1,,,1,,99,1,,,,,,,,,,,1,,,,,,,,,,,,,,,1,,,99.0,,66.5,1,,Serbia,10/10/1993,,2,,2,99,,1,RAI1,Chr17_17795339_CCCCCC_CCCCCCC,p.Gly800fs,Heterozygous,"HP:0000248,HP:0011800,HP:0000303,HP:0000283,HP:0000321,HP:0000490, HP:0011051,HP:0012743,HP:0000741,HP:0003474,HP:0003474,HP:0001263,HP:0100543,HP:0002463,HP:0006979,HP:0007018,HP:0100851,HP:0100710,HP:0100716,HP:0001265,HP:0009830,HP:0000370,HP:0001600,HP:0000365,HP:0001609,HP:0002650,HP:0010952,HP:0000545,HP:0000482,HP:5200291,HP:0002155,HP:0000717,HP:0001627,HP:0011772,HP:0002720,HP:0410030,HP:0000541",1,1,17,1.0,NM_030665.4
UC1_IMGGE_222,3,1,2,,,1,2,,,2,,Noonan,,,,10,4,1,2,1,,,1,,1,1,,,,,,,,,,,1,,,,,,,,,,,,,,,1,,,,,,99,,Serbia,13/11/1997,,2,,99,99,,1,PTPN11,Chr12_112450395_C_G,p.Ala72Gly,Heterozygous,"HP:0000478,HP:0004322,HP:0001382,HP:0000028,HP:0001627,HP:0001642,HP:0000978,HP:0001561,HP:0100763,HP:0025701,HP:0000476,HP:0002202,HP:0001541,HP:0011968,HP:0001643,HP:0003115,HP:0009088,HP:0031466,HP:0000739,HP:0000716,HP:0000348,HP:0000316|HP:0000494,HP:0000358,HP:0000288,HP:0000215,HP:0000470|HP:0000474,HP:0000520,HP:0008050,HP:0000316,HP:0000508,HP:0005280,HP:0012810,HP:0001782,HP:0000298,HP:0000325,HP:0000290,HP:0000472,HP:0000917,HP:0000767,HP:0040402,HP:0000347,HP:0000508,HP:0000486,HP:0000539,HP:0000646,HP:0000639,HP:0001252",2,1,12,,NM_002834.5
UC1_IMGGE_223,2,2,1,,,99,1,,,1,,22q11.2 deletion,,,,10,4,1,2,2,,,1,,1,1,,,,,,,,,,,1,,,,,,,,,,,,,,,1,,,,,,99,,Serbia,26/06/2002,,1,,2,99,,1,Del22q11,Del22q11,,,"HP:0001627,HP:0001679,HP:5201016,HP:0000220,HP:0002019,HP:0031379,HP:0001915,HP:0001513,HP:0000627,HP:0000486,HP:0005105,HP:0001363,HP:0000396,HP:0030026,HP:0000378,HP:0000411,HP:0004467,HP:0000426,HP:0000414,HP:0000430,HP:0000252,HP:0025788,HP:0000750,HP:5200044,HP:0000717,HP:0002693,HP:0002691,HP:0002650,HP:0000126",99,1,22,,
UC1_IMGGE_224,1,1,1,,,1,2,,,1,,Rubinstein-Taybi 2,,,,1,2,1,2,1,,,1,,99,1,,,,,,,,,,,1,,,,,,,,,,,,,,,1,,,57.5,,,1,,Serbia,13/07/1997,,2,,1,2,,1,CREBBP,Chr16_3736771_T_C,p.Asp1480Gly,Heterozygous,"HP:0008897,HP:0000252,HP:0001513,HP:0000486,HP:0000539,HP:0000508,HP:0000579,HP:0000518,HP:0000589,HP:0000639,HP:0008007,HP:0000481,HP:0008046,HP:0001601,HP:0002779,HP:0002780,HP:0010775,HP:0031546,HP:0012210,HP:0000126,HP:0000010,HP:0000028,HP:0002020,HP:0002019,HP:0002566,HP:0002027,HP:0025085,HP:0012732,HP:0006156,HP:0010100,HP:0001382,HP:0100711,HP:0003084,HP:0046508,HP:0001250,HP:0000689,HP:0000670,HP:0000668,HP:0011069,HP:0011087,HP:0030434,HP:0001263,HP:0000750,HP:0100710,HP:0031432,HP:0000739,HP:0033745,HP:0001252",2,1,16,1.0,NM_004380.3
UC1_IMGGE_225,2,2,2,,,99,2,,,99,,Noonan,,,,10,2,1,2,2,,,1,,1,1,,,,,,,,,,,1,,,,,,,,,,,,,,,1,,,,,,1,,Serbia,03/01/2017,,2,,2,2,,1,PTPN11,Chr12_112450352_A_C,p.Asn58His,Heterozygous,"HP:0000478,HP:0004322,HP:0001382,HP:0000766,HP:0000028,HP:0001627,HP:0001642,HP:0000978,HP:0001561,HP:0100763,HP:0025701,HP:0001541,HP:0004482,HP:0011968,HP:0006695,HP:0003115,HP:0009088,HP:0002463,HP:0031466,HP:0000737,HP:0000739,HP:0000348,HP:0000316|HP:0000494,HP:0000358,HP:0000288,HP:0000215,HP:0000470|HP:0000474,HP:0000520,HP:0008050,HP:0000316,HP:0000508,HP:0005280,HP:0012810,HP:0001782,HP:0000298,HP:0000325,HP:0000290,HP:0000472,HP:0000917,HP:0000767,HP:0000218,HP:0000678,HP:0000486,HP:0000539,HP:0000646,HP:0000639",99,1,12,,NM_002834.5
UC1_IMGGE_226,4,99,99,,,1,99,,,99,,Tatton-Brown-Rahman,,,,1,3,1,2,1,,,1,,99,1,,,,,,,,,,,1,,,,,,,,,,,,,,,1,,,45.5,,,1,,Serbia,26/01/1980,,2,,1,2,,1,DNMT3A,Chr2_25282462_G_A,p.Arg143Ter,Heterozygous,"HP:0000098,HP:0025502,HP:0033127,HP:0008094,HP:0000028,HP:0000311|HP:0000280,HP:0045025,HP:0001252",99,1,2,1.0,NM_022552.5
UC1_IMGGE_227,4,99,1,,,99,99,,,1,,Smith-Magenis,,,,10,2,1,2,2,,,1,,2,1,,,,,,,,,,,1,,,,,,,,,,,,,,,1,,,10.0,,,1,,Serbia,29/06/1993,,99,,99,2,,1,RAI1,Chr17_17795712_AG_.,p.Glu923fs,Heterozygous,"HP:0011800,HP:0000283,HP:0000321,HP:0010803|HP:0010804,HP:0000490,HP:0001169|HP:0004279,HP:0000679,HP:0000741,HP:0003474,HP:0003474,HP:0001263,HP:0002463,HP:0007018,HP:0100851,HP:0100710,HP:0000733,HP:0100716,HP:0001265,HP:0009830,HP:0000370,HP:0001600,HP:0000365,HP:0001609,HP:0004322,HP:0002650,HP:0000220,HP:0000545,HP:0000525,HP:0000482,HP:0003124,HP:0002155,HP:0011772",2,1,17,1.0,NM_030665.4
UC1_IMGGE_228,4,2,99,,,1,2,,,99,,PKU,,,,3,3,1,2,1,,,1,,99,1,,,,,,,,,,,1,,,,,,,,,,,,,,,1,,,92.5,,5.5,1,,Serbia,30/09/2011,,99,,1,1,,2,PAH,Chr12_102844347_C_A,p.Gly352Cys,Homozygous,"HP:0001249,HP:0100022,HP:0001250,HP:0000252,HP:0001010,HP:0005599,HP:0000964,HP:0007018,HP:0001642|HP:0010882",1,2,12,2.0,NM_000277.3
UC1_IMGGE_229,100,99,1,,,99,2,,,99,,22q11.2 deletion,,,,3,2,1,2,3,,,1,,2,1,,,,,,,,,,,1,,,,,,,,,,,,,,,1,,,,,,2,,Serbia,05/04/2011,,2,,1,99,,1,Del22q11,Del22q11,,,"HP:0001627,HP:0001636,HP:0000220,HP:0000220,HP:0011968,HP:0002019,HP:0011108,HP:0000821,HP:0002901,HP:0000627,HP:0012841,HP:0011333,HP:0000347,HP:0001363,HP:0000396,HP:0030026,HP:0008771,HP:0000411,HP:0000402,HP:0000407|HP:0000405,HP:0000414,HP:0000430,HP:0000456,HP:0011333,HP:0000252,HP:0012736,HP:0000750,HP:0001256,HP:0002693,HP:0002691,HP:0003319,HP:0005881,HP:0002650,HP:0000077,HP:0000126,HP:0001252",2,2,22,,
UC1_IMGGE_230,1,2,99,,,2,1,,,99,,Williams,,,,2,4,1,2,1,,,1,,99,1,,,,,,,,,,,1,,,,,,,,,,,,,,,1,,,79.5,,,1,,Serbia,13/07/2010,,99,,1,2,,1,Del7q11.23,Del7q11.23,,,"HP:0001263,HP:0001256,HP:0100025,HP:0031466,HP:0007018,HP:0100545,HP:0005291,HP:0001634,HP:0000565,HP:5200060,HP:0000691,HP:0000689,HP:0011968,HP:0000023,HP:0002253,HP:0000012,HP:0000015,HP:0001382,HP:0034392,HP:0001609,HP:0001027,HP:0000826,HP:0000819,HP:0000337,HP:0000341,HP:0000629,HP:0012775,HP:0000486,HP:0003196,HP:0000455,HP:0000272,HP:0000343,HP:0000179|HP:0000215,HP:0000154,HP:0000689,HP:0000347,HP:0009748,HP:0000286,HP:0000293,HP:0000692,HP:0000276,HP:0200021,HP:0001252",99,2,17,1.0,
UC1_IMGGE_231,2,1,2,,,2,1,,,1,,Kabuki 1,,,,10,1,1,2,1,,,1,,99,1,,,,,,,,,,,1,,,,,,,,,,,,,,,1,,,,,21.5,2,,Serbia,14/07/2017,,2,,1,99,,1,KMT2D,Chr12_49027088_G_A,p.Arg4960Ter,Heterozygous,"HP:0001513,HP:0008897,HP:0000411,HP:0000378,HP:0008523,HP:0012781,HP:0000218,HP:0007655,HP:0002553,HP:0011229,HP:0002000|HP:0000437,HP:0002265,HP:0000411,HP:0000378,HP:0000668|HP:0000690|HP:0200161|HP:4000093|HP:0011057,HP:0006482,HP:0001627,HP:0001680,HP:0001647,HP:0004383,HP:0001639,HP:0002015,HP:0002020,HP:0001212,HP:0004322,HP:0002719,HP:0005432,HP:0001878,HP:0001249",99,2,12,1.0,NM_003482.4
UC1_IMGGE_232,1,99,99,,,2,1,,,99,,Phelan-McDermid,,,,10,2,1,2,3,,,1,,1,1,,,,,,,,,,,1,,,,,,,,,,,,,,,1,,,,,59.5,2,,Serbia,16/09/1982,,1,,2,1,,1,Del22q13.33,Del22q13.33,,,"HP:0001263,HP:0001249,HP:0000750,HP:0000817,HP:0012534,HP:0001250,HP:0007204,HP:0100702,HP:0002360,HP:0000821,HP:0000527,HP:0000414",99,2,22,1.0,
UC1_IMGGE_233,2,99,99,,,2,1,,,1,,Kabuki 1,,,,10,4,1,2,2,,,1,,99,1,,,,,,,,,,,1,,,,,,,,,,,,,,,1,,,,,77.0,1,,Serbia,30/06/1989,,99,,2,1,,1,KMT2D,Chr12_49026326_G_A,p.Arg5214Cys,Heterozygous,"HP:0001508,HP:0001513,HP:0008897,HP:0000592,HP:0000486,HP:0000481,HP:0000411,HP:0000378,HP:0008523,HP:0000174,HP:0007655,HP:0002553,HP:0011229,HP:0002000|HP:0000437,HP:0002265,HP:0000411,HP:0000378,HP:0040220,HP:0000689,HP:0001627,HP:0045017,HP:0002275,HP:0002020,HP:0000776,HP:0001382,HP:0001212,HP:0004322,HP:0040075,HP:0002719,HP:0005432,HP:0002720,HP:0001249,HP:0007018",99,2,12,1.0,NM_003482.4
UC1_IMGGE_234,2,99,99,,,2,2,,,2,,CSS,,,,2,4,1,2,1,,,1,,99,1,,,,,,,,,,,1,,,,,,,,,,,,,,,1,,,32.5,,32.5,1,,Serbia,13/10/1993,,1,,2,99,,1,any,,,,"HP:0000752,HP:0001305,HP:0009879,HP:0100033,HP:0000280,HP:0000574,HP:0011231,HP:0005280,HP:0003196,HP:0000455,HP:0009928,HP:0000289,HP:0000154,HP:0000219,HP:0000179,HP:0001792,HP:0030084,HP:0001382,HP:0002650,HP:0000998,HP:0000294,HP:0002209,HP:0004325,HP:0000002,HP:0005832,HP:0000696,HP:0000508,HP:0000119",1,1,,,
UC1_IMGGE_235,100,99,2,,,99,2,,,2,,22q11.2 deletion,,,,1,3,1,2,1,,,1,,1,1,,,,,,,,,,,1,,,,,,,,,,,,,,,1,,,88.5,,,2,,Serbia,17/12/2012,,99,,2,2,,1,Del22q11,Del22q11,,,"HP:0001679,HP:0001643,HP:0000174,HP:0000220,HP:0000220,HP:0011968,HP:0002019,HP:0011968|HP:0010775,HP:0031379,HP:0011839,HP:0001045,HP:0000829,HP:0004322,HP:0012841,HP:0005105,HP:0001363,HP:0008771,HP:0004467,HP:0000402,HP:0000407|HP:0000405,HP:0000426,HP:0000430,HP:0000456,HP:0025788,HP:0002389,HP:0002126,HP:0001256,HP:0000739,HP:0030223,HP:5200310,HP:0002693,HP:0002691,HP:0003319,HP:0003312,HP:0000126,HP:0000041,HP:0005584",1,2,22,,
UC1_IMGGE_236,4,1,2,,,1,99,,,2,,22q11.2 deletion,,,,2,1,1,2,3,,,1,,99,1,,,,,,,,,,,1,,,,,,,,,,,,,,,1,,,,,,2,,Serbia,18/02/1993,,1,,99,2,,1,Del22q11,Del22q11,,,"HP:0001627,HP:0001660,HP:0000174,HP:0000220,HP:0002019,HP:0031379,HP:0011839,HP:0000836,HP:0000829,HP:0004322,HP:0010750,HP:0031703,HP:0000396,HP:0000411,HP:0004467,HP:0000414,HP:0000430,HP:0000456,HP:0011342,HP:0000750,HP:0010864,HP:5200044,HP:0000739,HP:0002693,HP:0002691,HP:0003319,HP:0000126,HP:0002101,HP:0001252",99,2,22,,
UC1_IMGGE_237,1,99,2,,,2,99,,,2,,Rubinstein-Taybi 2,,,,1,4,1,2,3,,,1,,2,1,,,,,,,,,,,1,,,,,,,,,,,,,,,1,,,,,16.5,1,,Serbia,02/02/1994,,99,,1,2,,1,CREBBP,Chr16_3758853_C_.,--,Heterozygous,"HP:0008897,HP:0000252,HP:0001513,HP:0000539,HP:0000508,HP:0000579,HP:0000518,HP:0000589,HP:0000639,HP:0000481,HP:0008046,HP:0002870,HP:0002779,HP:0002780,HP:0001680,HP:0010775,HP:0000081,HP:0000047,HP:0000010,HP:0000028,HP:0011968,HP:0002020,HP:0002019,HP:0002566,HP:0002027,HP:0025085,HP:0012732,HP:0006156,HP:0002999,HP:0100711,HP:0002650,HP:0001273,HP:0000689,HP:0000670,HP:0000668,HP:0011069,HP:0000695,HP:0011087,HP:0006297,HP:0012710,HP:0002719,HP:0002858,HP:0001263,HP:0000750,HP:0100710,HP:0000712,HP:0031432,HP:0000718,HP:0000729,HP:0000739,HP:0006989,HP:0033745",2,1,16,1.0,NM_004380.3
UC1_IMGGE_238,3,1,99,,,1,99,,,2,,Rubinstein-Taybi 2,,,,10,3,1,2,2,,,1,,99,1,,,,,,,,,,,1,,,,,,,,,,,,,,,1,,,79.0,,70.5,1,,Serbia,13/05/1992,,2,,2,1,,1,EP300,Chr22_41130004_G_A,--,Heterozygous,"HP:0008897,HP:0000486,HP:0000539,HP:0000508,HP:0000579,HP:0000518,HP:0000589,HP:0008007,HP:0008046,HP:0002870,HP:0000347,HP:0001601,HP:0002779,HP:0002780,HP:0001631,HP:0001629,HP:0001660,HP:0000076,HP:0000010,HP:0000028,HP:0011968,HP:0002020,HP:0002019,HP:0002566,HP:0025085,HP:0012732,HP:0006156,HP:0010100,HP:0002999,HP:0001382,HP:0003084,HP:0002650,HP:0000678,HP:0000689,HP:0000670,HP:0000668,HP:0011069,HP:0000695,HP:0011087,HP:0030434,HP:0002719,HP:0002090,HP:0001263,HP:0000750,HP:0100710,HP:0000736,HP:0031432,HP:0007018,HP:0100025,HP:0012534,HP:0001273,HP:0006989,HP:0033745",99,1,22,1.0,NM_001429.4
UC1_IMGGE_239,1,1,99,,,99,1,,,99,,PKU,,,,10,3,1,2,2,,,1,,1,1,,,,,,,,,,,1,,,,,,,,,,,,,,,1,,,54.0,,,99,,Serbia,09/01/2018,,1,,2,1,,2,PAH,Chr12_102877538_G_T,p.Pro122Gln,Homozygous,"HP:0001249,HP:0100022,HP:0001250,HP:0000252,HP:0001010,HP:0005599,HP:0000964,HP:0007018,HP:0006695,HP:0001636,HP:0001252",1,2,12,2.0,NM_000277.3
UC1_IMGGE_240,3,99,2,,,2,1,,,2,,Noonan,,,,3,4,1,2,1,,,1,,99,1,,,,,,,,,,,1,,,,,,,,,,,,,,,1,,,,,8.0,99,,Serbia,04/10/1987,,2,,2,1,,1,PTPN11,Chr12_112450391_T_C,p.Phe71Leu,Heterozygous,"HP:0000478,HP:0001382,HP:0000766,HP:0000028,HP:0001642,HP:0001328,HP:0000978,HP:0001561,HP:0100763,HP:0025701,HP:0010880,HP:0000476,HP:0002202,HP:0011994,HP:0001680,HP:0003115,HP:0011443,HP:0009088,HP:0002463,HP:0000737,HP:0000739,HP:0000348,HP:0000316|HP:0000494,HP:0000358,HP:0000288,HP:0000215,HP:0002162,HP:0000520,HP:0008050,HP:0000508,HP:0005280,HP:0012810,HP:0001782,HP:0000298,HP:0000325,HP:0000290,HP:0000472,HP:0002943,HP:0000917,HP:0040402,HP:0000347,HP:0000218,HP:0000508,HP:0000486,HP:0000539,HP:0000646,HP:0000639",99,1,12,,NM_002834.5
UC1_IMGGE_241,100,2,99,,,1,1,,,1,,Kabuki 1,,,,2,1,1,2,1,,,1,,2,1,,,,,,,,,,,1,,,,,,,,,,,,,,,1,,,,,,1,,Serbia,15/11/1996,,2,,2,1,,1,KMT2D,Chr12_49040392_GGG_GG,p.Arg2460fs,Heterozygous,"HP:0001508,HP:0001513,HP:0000486,HP:0000589,HP:0200057,HP:0000481,HP:0000411,HP:0000378,HP:0410030,HP:0000218,HP:0007655,HP:0002553,HP:0011229,HP:0002000|HP:0000437,HP:0002265,HP:0000411,HP:0000378,HP:0000668|HP:0000690|HP:0200161|HP:4000093|HP:0011057,HP:0006482,HP:0000689,HP:0001647,HP:0001710,HP:0004383,HP:0011968,HP:0002275,HP:0002015,HP:0002020,HP:0000126,HP:0001382,HP:0002650,HP:0002808,HP:0001212,HP:0010314,HP:0004322,HP:0000846,HP:0002719,HP:0005432,HP:0001045,HP:0001249,HP:0007018,HP:0001252",1,2,12,1.0,NM_003482.4
UC1_IMGGE_242,2,1,1,,,1,1,,,99,,CHARGE,,,,2,20,1,2,2,,,1,,99,1,,,,,,,,,,,1,,,,,,,,,,,,,,,1,,,,,,2,,Serbia,23/05/1980,,2,,2,2,,1,CHD7,Chr8_60741970_C_T,p.Gln180Ter,Heterozygous,"HP:0004409,HP:0000458,HP:0001751,HP:0031703,HP:0410030,HP:0000044,HP:0001263,HP:0001249,HP:0030680,HP:0010558,HP:0000252,HP:0002119,HP:0001252",99,2,8,1.0,NM_017780.4
UC1_IMGGE_243,100,1,99,,,1,1,,,2,,Smith-Magenis,,,,2,20,1,2,3,,,1,,99,1,,,,,,,,,,,1,,,,,,,,,,,,,,,1,,,,,,2,,Serbia,20/05/1991,,1,,1,99,,1,RAI1,Chr17_17795712_AG_.,p.Glu923fs,Heterozygous,"HP:0000248,HP:0011800,HP:0000303,HP:0000283,HP:0000321,HP:0010803|HP:0010804,HP:0000490, HP:0011051,HP:0000679,HP:0004324,HP:0000741,HP:0003474,HP:0003474,HP:0001263,HP:0100543,HP:0002463,HP:0006979,HP:0007018,HP:0100851,HP:0100710,HP:0000733,HP:0100716,HP:0001265,HP:0009830,HP:0000370,HP:0000365,HP:0010780,HP:0004322,HP:0002650,HP:0010952,HP:0000486,HP:0000545,HP:0000525,HP:0000482,HP:5200291,HP:0012450,HP:0000717,HP:0001627,HP:0010978,HP:0000079,HP:0002973",99,1,17,1.0,NM_030665.4
UC1_IMGGE_244,100,99,1,,,99,99,,,99,,Williams,,,,10,2,1,2,3,,,1,,1,1,,,,,,,,,,,1,,,,,,,,,,,,,,,1,,,6.0,,64.0,1,,Serbia,29/12/2019,,99,,99,99,,1,Del7q11.23,Del7q11.23,,,"HP:0001263,HP:0001256,HP:0100025,HP:0031466,HP:0100545,HP:0005291,HP:0004381,HP:0000540,HP:5200060,HP:0000407,HP:0000691,HP:0000689,HP:0001537,HP:0000023,HP:0000805,HP:0034392,HP:0001609,HP:0001027,HP:0004322,HP:0002150,HP:0000819,HP:0000252,HP:0000337,HP:0000341,HP:0000629,HP:0012775,HP:0000486,HP:0003196,HP:0000455,HP:0000272,HP:0000343,HP:0000179|HP:0000215,HP:0000154,HP:0000689,HP:0000347,HP:0009748,HP:0000286,HP:0000293,HP:0000692,HP:0000276,HP:0200021,HP:0001252",2,2,17,1.0,
UC1_IMGGE_245,3,2,2,,,99,2,,,1,,Phelan-McDermid,,,,3,3,1,2,1,,,1,,99,1,,,,,,,,,,,1,,,,,,,,,,,,,,,1,,,,,,2,,Serbia,23/08/2013,,1,,1,99,,1,Del22q13.33,Del22q13.33,,,"HP:0001263,HP:0001249,HP:0000750,HP:0012534,HP:0001250,HP:0001274,HP:0100702,HP:0012762,HP:0002360,HP:0000010,HP:0000110|HP:0000104,HP:0002019,HP:0000431,HP:0000414,HP:0000629",1,2,22,1.0,
UC1_IMGGE_246,100,99,99,,,1,99,,,99,,Smith-Magenis,,,,1,3,1,2,3,,,1,,99,1,,,,,,,,,,,1,,,,,,,,,,,,,,,1,,,,,,2,,Serbia,24/05/2012,,99,,1,1,,1,RAI1,Chr17_17792961_C_T,p.Arg5Ter,Heterozygous,"HP:0000248,HP:0011800,HP:0000303,HP:0000283,HP:0000321,HP:0000490,HP:0001169|HP:0004279,HP:0004324,HP:0012743,HP:0000741,HP:0003474,HP:0003474,HP:0001263,HP:0100543,HP:0002463,HP:0006979,HP:0007018,HP:0100851,HP:0100710,HP:0000733,HP:0100716,HP:0009830,HP:0000370,HP:0000365,HP:0010780,HP:0001609,HP:0004322,HP:0002650,HP:0010952,HP:0000486,HP:0000525,HP:0000482,HP:5200291,HP:0003124,HP:0012450,HP:0002720,HP:0002353,HP:0000541,HP:0001252",1,1,17,1.0,NM_030665.4
UC1_IMGGE_247,1,99,1,,,1,99,,,1,,Phelan-McDermid,,,,1,3,1,2,3,,,1,,1,1,,,,,,,,,,,1,,,,,,,,,,,,,,,1,,,55.0,,78.5,2,,Serbia,04/05/1986,,2,,2,99,,1,Del22q13.33,Del22q13.33,,,"HP:0001263,HP:0001249,HP:0000750,HP:0001250,HP:0001274,HP:0002119,HP:0007204,HP:0012762,HP:0002360,HP:0000486,HP:0000508,HP:0000085,HP:0000527,HP:0001176",99,2,22,1.0,
UC1_IMGGE_248,4,2,2,,,99,1,,,1,,PKU,,,,2,3,1,2,1,,,1,,2,1,,,,,,,,,,,1,,,,,,,,,,,,,,,1,,,,,18.5,1,,Serbia,30/09/1997,,2,,2,2,,2,PAH,Chr12_102852830_A_G,p.Met276Thr,Homozygous,"HP:0001249,HP:0100022,HP:0001250,HP:0000252,HP:0001010,HP:0005599,HP:0000964,HP:0000716,HP:0011100,HP:0001511,HP:0001252",99,2,12,2.0,NM_000277.3
UC1_IMGGE_249,2,99,2,,,1,1,,,99,,Phelan-McDermid,,,,3,20,1,2,1,,,1,,2,1,,,,,,,,,,,1,,,,,,,,,,,,,,,1,,,,,,99,,Serbia,11/06/2011,,2,,99,99,,1,Del22q13.33,Del22q13.33,,,"HP:0001249,HP:0000750,HP:0000817,HP:0012534,HP:0001250,HP:0007204,HP:0002011,HP:0100702,HP:0008762,HP:0002360,HP:0000508,HP:0000365,HP:0000020,HP:0000126|HP:0010945,HP:0000076,HP:0002019,HP:0004324,HP:0000826,HP:0000689,HP:0000307,HP:0000431,HP:0000629,HP:0000598",99,2,22,1.0,
UC1_IMGGE_250,4,99,1,,,2,2,,,99,,Kabuki 2,,,,3,20,1,2,1,,,1,,2,1,,,,,,,,,,,1,,,,,,,,,,,,,,,1,,,71.0,,6.0,99,,Serbia,22/11/1999,,1,,2,99,,1,KMT2D,Chr12_49031385_T_.,p.Ile4440fs,Heterozygous,"HP:0001508,HP:0000411,HP:0000378,HP:0000218,HP:0007655,HP:0002553,HP:0011229,HP:0002000|HP:0000437,HP:0002265,HP:0000411,HP:0000378,HP:0000668|HP:0000690|HP:0200161|HP:4000093|HP:0011057,HP:0001627,HP:0045017,HP:0011968,HP:0002275,HP:0002020,HP:0000077,HP:0001382,HP:0002650,HP:0001212,HP:0004322,HP:0002719,HP:0005432,HP:0007018,HP:0001252",99,1,12,1.0,NM_003482.4
UC1_IMGGE_251,100,99,2,,,2,1,,,99,,CHARGE,,,,10,20,1,2,2,,,1,,1,1,,,,,,,,,,,1,,,,,,,,,,,,,,,1,,,29.0,,,2,,Serbia,10/09/1997,,1,,2,1,,1,CHD7,Chr8_60842053_G_A,--,Heterozygous,"HP:0000589,HP:0000453,HP:0000452,HP:0004409,HP:0000458,HP:0010628,HP:0000407,HP:0001751,HP:0030895,HP:0031703,HP:0410030,HP:0000044,HP:0001510,HP:0001263,HP:0001249,HP:0002575,HP:0008755,HP:0010558,HP:0000252,HP:0001305,HP:0000077,HP:0001252",2,2,8,1.0,NM_017780.4
UC1_IMGGE_252,1,2,2,,,1,99,,,1,,Rubinstein-Taybi 1,,,,2,4,1,2,1,,,1,,99,1,,,,,,,,,,,1,,,,,,,,,,,,,,,1,,,72.0,,,2,,Serbia,19/11/2000,,2,,2,2,,1,CREBBP,Chr16_3729433_T_C,p.Met1872Val,Heterozygous,"HP:0000252,HP:0000486,HP:0000539,HP:0000508,HP:0000579,HP:0000518,HP:0000589,HP:0008007,HP:0000481,HP:0000405,HP:0002870,HP:0001601,HP:0002779,HP:0001629,HP:0001680,HP:0001647,HP:0010775,HP:0012210,HP:0000126,HP:0000010,HP:0000028,HP:0011968,HP:0002020,HP:0002027,HP:0025085,HP:0012732,HP:0100711,HP:0046508,HP:0001273,HP:0000678,HP:0000670,HP:0000668,HP:0011069,HP:0000695,HP:0011087,HP:0006297,HP:0002090,HP:0003006,HP:0001263,HP:0100710,HP:0000736,HP:0031432,HP:0012534,HP:0000718,HP:0000729,HP:0001273,HP:0006989,HP:0033745,HP:0012794",2,1,16,1.0,NM_004380.3
UC1_IMGGE_253,3,99,99,,,2,1,,,1,,Kabuki 2,,,,1,3,1,2,2,,,1,,1,1,,,,,,,,,,,1,,,,,,,,,,,,,,,1,,,92.5,,,2,,Serbia,22/04/1982,,99,,99,99,,1,KDM6A,ChrX_45090821_C_T,p.Arg1331Ter,Heterozygous/Hemizygous(male),"HP:0001508,HP:0000486,HP:0200057,HP:0000481,HP:0000411,HP:0000378,HP:0012781,HP:0000174,HP:0000218,HP:0007655,HP:0002553,HP:0011229,HP:0002000|HP:0000437,HP:0002265,HP:0000411,HP:0000378,HP:0000668|HP:0000690|HP:0200161|HP:4000093|HP:0011057,HP:0000689,HP:0045017,HP:0001647,HP:0004383,HP:0011968,HP:0002020,HP:0001382,HP:0002650,HP:0002808,HP:0001212,HP:0002719,HP:0005432,HP:0002720,HP:0001973,HP:0001249",99,2,X,1.0,NM_001291415.2
UC1_IMGGE_254,3,1,2,,,99,2,,,99,,PKU,,,,2,20,1,2,1,,,1,,99,1,,,,,,,,,,,1,,,,,,,,,,,,,,,1,,,36.5,,85.0,1,,Serbia,27/12/1987,,99,,99,1,,2,PAH,Chr12_102844409_A_G,p.Phe331Ser,Homozygous,"HP:0001249,HP:0100022,HP:0001250,HP:0000252,HP:0001010,HP:0005599,HP:0000964,HP:0007018,HP:0001669",99,2,12,2.0,NM_000277.3
UC1_IMGGE_255,3,2,99,,,2,99,,,1,,CHARGE,,,,1,1,1,2,1,,,1,,99,1,,,,,,,,,,,1,,,,,,,,,,,,,,,1,,,,,14.0,99,,Serbia,26/09/2006,,99,,2,2,,1,CHD7,Chr8_60836861_G_A,p.Arg1345His,Heterozygous,"HP:0000589,HP:0000453,HP:0000452,HP:0000407,HP:0001751,HP:0030895,HP:0031703,HP:0000044,HP:0001510,HP:0010558,HP:0000252,HP:0001305,HP:0001320,HP:0001252",1,1,8,1.0,NM_017780.4
UC1_IMGGE_256,3,2,2,,,99,1,,,99,,Rubinstein-Taybi 2,,,,1,2,1,2,3,,,1,,2,1,,,,,,,,,,,1,,,,,,,,,,,,,,,1,,,,,83.5,2,,Serbia,12/03/2004,,1,,1,99,,1,CREBBP,Chr16_3736701_G_C,p.Tyr1503Ter,Heterozygous,"HP:0008897,HP:0000252,HP:0000486,HP:0000539,HP:0000508,HP:0000579,HP:0000518,HP:0000589,HP:0008007,HP:0000481,HP:0008046,HP:0000347,HP:0001601,HP:0002779,HP:0002780,HP:0001680,HP:0000047,HP:0000787,HP:0000028,HP:0011968,HP:0002020,HP:0002019,HP:0002566,HP:0002027,HP:0025085,HP:0012732,HP:0006156,HP:0010100,HP:0001382,HP:0100711,HP:0003084,HP:0046508,HP:0002650,HP:0001305,HP:0000689,HP:0000670,HP:0000668,HP:0011069,HP:0006297,HP:0030434,HP:0012710,HP:0002885,HP:0001263,HP:0000750,HP:0100710,HP:0000736,HP:0000712,HP:0031432,HP:0100716,HP:0000729,HP:0001273,HP:0006989,HP:0033745,HP:0012794",2,1,16,1.0,NM_004380.3
UC1_IMGGE_257,1,1,2,,,99,99,,,1,,Phelan-McDermid,,,,2,20,1,2,2,,,1,,1,1,,,,,,,,,,,1,,,,,,,,,,,,,,,1,,,,,59.0,1,,Serbia,03/08/1992,,2,,1,1,,1,Del22q13.33,Del22q13.33,,,"HP:0001263,HP:0001249,HP:0000750,HP:0000718,HP:0012534,HP:0012448,HP:0002011,HP:0002280,HP:0100702,HP:0002360,HP:0100704,HP:0000107,HP:0002019,HP:0002014,HP:0000826,HP:0100658,HP:0000445,HP:0000414,HP:0001659,HP:0005180",2,2,22,1.0,
UC1_IMGGE_258,2,99,2,,,99,2,,,2,,Phelan-McDermid,,,,2,3,1,2,2,,,1,,2,1,,,,,,,,,,,1,,,,,,,,,,,,,,,1,,,,,,99,,Serbia,27/03/1990,,1,,1,1,,1,Del22q13.33,Del22q13.33,,,"HP:0001263,HP:0001249,HP:0000750,HP:0012534,HP:0001274,HP:0002280,HP:0012762,HP:0002360,HP:0000508,HP:0000020,HP:0000085,HP:0000256,HP:0000252,HP:0000689,HP:0100658,HP:0000431,HP:0001155,HP:0001631",2,2,22,1.0,
UC1_IMGGE_259,100,99,2,,,2,2,,,99,,CHARGE,,,,1,2,1,2,3,,,1,,1,1,,,,,,,,,,,1,,,,,,,,,,,,,,,1,,,,,,1,,Serbia,15/12/2004,,99,,99,2,,1,CHD7,Chr8_60842053_G_A,--,Heterozygous,"HP:0004409,HP:0000458,HP:0000407,HP:0001751,HP:0030895,HP:0031703,HP:0000044,HP:0001510,HP:0001263,HP:0001249,HP:0030680,HP:0002032,HP:0010558,HP:0000252,HP:0001305,HP:0002079,HP:0001320",1,2,8,1.0,NM_017780.4
UC1_IMGGE_260,3,2,2,,,2,99,,,99,,CSS,,,,10,1,1,2,2,,,1,,1,1,,,,,,,,,,,1,,,,,,,,,,,,,,,1,,,16.5,,45.5,99,,Serbia,20/01/2020,,2,,99,99,,1,any,,,,"HP:0000718,HP:0034206,HP:0001305,HP:0031165,HP:0100033,HP:0000280,HP:0011231,HP:0003196,HP:0000455,HP:0012810,HP:0009928,HP:0000289,HP:0000154,HP:0000219,HP:0000179,HP:0001792,HP:0030084,HP:0001382,HP:0002650,HP:0000998,HP:0004325,HP:0000002,HP:0005832,HP:0000486,HP:0001627",99,1,,,
UC1_IMGGE_261,100,1,2,,,2,2,,,1,,Tatton-Brown-Rahman,,,,3,20,1,2,1,,,1,,1,1,,,,,,,,,,,1,,,,,,,,,,,,,,,1,,,59.5,,47.5,1,,Serbia,08/08/1985,,1,,99,1,,1,DNMT3A,Chr2_25282462_G_A,p.Arg143Ter,Heterozygous,"HP:0001548,HP:0000098,HP:0000256,HP:0002342,HP:0000729,HP:0000739,HP:5200430,HP:0007302,HP:0002761,HP:0033127,HP:0001373,HP:0008094,HP:0000675,HP:0001252",2,2,2,1.0,NM_022552.5
UC1_IMGGE_262,3,99,1,,,1,1,,,1,,Kleefstra,,,,1,2,1,2,2,,,1,,1,1,,,,,,,,,,,1,,,,,,,,,,,,,,,1,,,26.5,,,1,,Serbia,12/11/2012,,1,,99,1,,1,EHMT1,Chr9_137816034_C_T,p.Arg1116Ter,Heterozygous,"HP:0001513,HP:0000248,HP:0000337,HP:0000534,HP:0000582,HP:0011800,HP:0000391,HP:0003196,HP:0000463,HP:0000232,HP:0010804,HP:0010808,HP:0000303,HP:0001249,HP:0006863,HP:0000733,HP:0100716,HP:0000540,HP:0000365,HP:0001642,HP:0000047,HP:0000054,HP:0011152,HP:0001762,HP:0001252",99,2,9,1.0,NM_024757.5
UC1_IMGGE_263,2,99,2,,,2,1,,,1,,Noonan,,,,3,3,1,2,2,,,1,,1,1,,,,,,,,,,,1,,,,,,,,,,,,,,,1,,,77.5,,13.5,2,,Serbia,12/11/1991,,1,,1,99,,1,PTPN11,Chr12_112489068_C_T,p.Arg498Trp,Heterozygous,"HP:0000478,HP:0000766,HP:0000028,HP:0001627,HP:0001642,HP:0000365,HP:0001639,HP:0000978,HP:0001561,HP:0100763,HP:0010880,HP:0000476,HP:0002202,HP:0001541,HP:0004482,HP:0011968,HP:0003115,HP:0011443,HP:0009088,HP:0031466,HP:0000739,HP:0000348,HP:0000316|HP:0000494,HP:0000358,HP:0000288,HP:0000215,HP:0000470|HP:0000474,HP:0000520,HP:0008050,HP:0000316,HP:0000508,HP:0005280,HP:0012810,HP:0001782,HP:0000298,HP:0000325,HP:0000290,HP:0000472,HP:0000767,HP:0000347,HP:0000218,HP:0000678,HP:0000508,HP:0000486,HP:0000539,HP:0000646",1,1,12,,NM_002834.5
UC1_IMGGE_264,1,1,2,,,1,1,,,2,,Tatton-Brown-Rahman,,,,2,1,1,2,3,,,1,,1,1,,,,,,,,,,,1,,,,,,,,,,,,,,,1,,,24.5,,,2,,Serbia,28/02/2007,,99,,1,1,,1,DNMT3A,Chr2_25234374_G_A,p.Arg882Cys,Heterozygous,"HP:0001548,HP:0000098,HP:0025502,HP:0000729,HP:5200430,HP:0002761,HP:0002751,HP:0008094,HP:0001250,HP:0000076,HP:0000311|HP:0000280,HP:0045025,HP:0000675,HP:0001252",1,1,2,1.0,NM_022552.5
UC1_IMGGE_265,3,99,99,,,2,2,,,99,,Rubinstein-Taybi 1,,,,10,2,1,2,3,,,1,,2,1,,,,,,,,,,,1,,,,,,,,,,,,,,,1,,,,,,1,,Serbia,19/03/1988,,2,,1,1,,1,any,,,,"HP:0008897,HP:0000252,HP:0001513,HP:0000486,HP:0000539,HP:0000579,HP:0000589,HP:0000481,HP:0008046,HP:0000405,HP:0000407,HP:0002870,HP:0001601,HP:0001631,HP:0012210,HP:0000047,HP:0000787,HP:0000010,HP:0000028,HP:0011968,HP:0002020,HP:0002019,HP:0002566,HP:0002027,HP:0025085,HP:0012732,HP:0006156,HP:0010100,HP:0001382,HP:0100711,HP:0046508,HP:0001273,HP:0000689,HP:0000670,HP:0000668,HP:0000695,HP:0011087,HP:0006297,HP:0030434,HP:0002859,HP:0030434,HP:0001263,HP:0000750,HP:0100710,HP:0000736,HP:0031432,HP:0100716,HP:0000729,HP:0001273,HP:0006989,HP:0012794",99,1,,,
UC1_IMGGE_266,1,99,2,,,1,99,,,99,,Williams,,,,10,20,1,2,1,,,1,,99,1,,,,,,,,,,,1,,,,,,,,,,,,,,,1,,,,,69.5,1,,Serbia,02/01/1984,,99,,99,1,,1,Del7q11.23,Del7q11.23,,,"HP:0001263,HP:0001256,HP:0100025,HP:0031466,HP:0000739,HP:0007018,HP:0100545,HP:0004969,HP:0000565,HP:0000540,HP:5200060,HP:0000407,HP:0000691,HP:0000689,HP:0011968,HP:0002019,HP:0002253,HP:0000012,HP:0000805,HP:0000015,HP:0001382,HP:0034392,HP:0002650,HP:0001609,HP:0001027,HP:0000826,HP:0002150,HP:0000337,HP:0000341,HP:0000629,HP:0012775,HP:0000486,HP:0003196,HP:0000455,HP:0000272,HP:0000343,HP:0000179|HP:0000215,HP:0000154,HP:0000689,HP:0000347,HP:0009748,HP:0000286,HP:0000293,HP:0000692,HP:0000276,HP:0200021",2,2,17,1.0,
UC1_IMGGE_267,4,1,99,,,2,99,,,99,,CSS,,,,10,20,1,2,3,,,1,,99,1,,,,,,,,,,,1,,,,,,,,,,,,,,,1,,,71.0,,,2,,Serbia,29/06/1992,,1,,99,2,,1,any,,,,"HP:0000280,HP:0000574,HP:0011231,HP:0005280,HP:0003196,HP:0012810,HP:0000154,HP:0000219,HP:0000179,HP:0001792,HP:0030084,HP:0005832,HP:0001382,HP:0000998,HP:0000294,HP:0002209,HP:0004325,HP:0000002,HP:0000508,HP:0002719,HP:0012211,HP:0001252",2,1,,,
UC1_IMGGE_268,4,2,1,,,2,1,,,1,,CSS,,,,3,3,1,2,1,,,1,,99,1,,,,,,,,,,,1,,,,,,,,,,,,,,,1,,,,,28.5,99,,Serbia,07/11/2010,,2,,2,1,,1,any,,,,"HP:0001305,HP:0000280,HP:0000574,HP:0011231,HP:0012810,HP:0009928,HP:0000289,HP:0000154,HP:0000179,HP:0001792,HP:0005832,HP:0001382,HP:0000998,HP:0000294,HP:0000002,HP:0005832,HP:0000508,HP:0001627,HP:0001671,HP:0001636,HP:0000028,HP:0001252",99,1,,,
UC1_IMGGE_269,3,2,99,,,99,1,,,2,,Kabuki 1,,,,1,2,1,2,1,,,1,,2,1,,,,,,,,,,,1,,,,,,,,,,,,,,,1,,,,,52.0,99,,Serbia,14/08/2003,,2,,99,99,,1,KDM6A,ChrX_45082617_AGATAG_AG,p.Asp1114fs,Heterozygous/Hemizygous(male),"HP:0001508,HP:0200057,HP:0000481,HP:0000378,HP:0000218,HP:0007655,HP:0002553,HP:0011229,HP:0002000|HP:0000437,HP:0002265,HP:0000411,HP:0000378,HP:0000668|HP:0000690|HP:0200161|HP:4000093|HP:0011057,HP:0001627,HP:0001680,HP:0001710,HP:0002275,HP:0002015,HP:0002020,HP:0000126,HP:0002650,HP:0004322,HP:0033795,HP:0002719,HP:0005432,HP:0002720,HP:0001249",99,2,X,1.0,NM_001291415.2
UC1_IMGGE_270,3,1,99,,,99,1,,,1,,Kleefstra,,,,10,2,1,2,2,,,1,,1,1,,,,,,,,,,,1,,,,,,,,,,,,,,,1,,,,,,2,,Serbia,25/04/2013,,99,,2,2,,1,Del9q34.3,Del9q34.3,,,"HP:0001513,HP:0000248,HP:0000337,HP:0000534,HP:0000582,HP:0011800,HP:0000391,HP:0003196,HP:0000463,HP:0000232,HP:0010804,HP:0010808,HP:0000303,HP:0001249,HP:0006863,HP:0000717,HP:0000540,HP:0001631,HP:0001636,HP:0001642,HP:0000083,HP:0011152,HP:0001250,HP:0001762",99,2,9,1.0,
UC1_IMGGE_271,3,2,1,,,2,99,,,99,,Phelan-McDermid,,,,1,20,1,2,3,,,1,,99,1,,,,,,,,,,,1,,,,,,,,,,,,,,,1,,,78.5,,,99,,Serbia,18/11/2009,,99,,1,2,,1,Del22q13.33,Del22q13.33,,,"HP:0001249,HP:0000750,HP:0100753,HP:0012534,HP:0001250,HP:0012448,HP:0001274,HP:0100702,HP:0008762,HP:0002360,HP:0000508,HP:0000107,HP:0001659,HP:0005180",2,2,22,1.0,
UC1_IMGGE_272,100,2,99,,,99,2,,,2,,Tatton-Brown-Rahman,,,,3,2,1,2,1,,,1,,2,1,,,,,,,,,,,1,,,,,,,,,,,,,,,1,,,38.0,,47.5,1,,Serbia,28/12/2001,,99,,1,99,,1,DNMT3A,Chr2_25244560_G_T,p.Cys549Ter,Heterozygous,"HP:0001548,HP:0000098,HP:0000729,HP:0000718,HP:0000722,HP:6000352,HP:0033127,HP:0008094,HP:0000311|HP:0000280,HP:0011228,HP:0045025,HP:0000675,HP:0001252",2,1,2,1.0,NM_022552.5
UC1_IMGGE_273,3,99,2,,,1,99,,,99,,Rubinstein-Taybi 1,,,,10,2,1,2,1,,,1,,2,1,,,,,,,,,,,1,,,,,,,,,,,,,,,1,,,46.0,,87.5,1,,Serbia,14/03/1990,,2,,99,1,,1,CREBBP,Chr16_3729433_T_C,p.Met1872Val,Heterozygous,"HP:0000252,HP:0001513,HP:0000539,HP:0000508,HP:0000589,HP:0000639,HP:0008007,HP:0000481,HP:0002870,HP:0000347,HP:0001631,HP:0001643,HP:0001680,HP:0001642,HP:0001650,HP:0010775,HP:0000081,HP:0000028,HP:0011968,HP:0002020,HP:0002566,HP:0002027,HP:0025085,HP:0012732,HP:0006156,HP:0010100,HP:0100711,HP:0046508,HP:0002650,HP:0000932,HP:0002353,HP:0000689,HP:0000670,HP:0000695,HP:0011087,HP:0006297,HP:0010562,HP:0030434,HP:0000388,HP:0002885,HP:0001263,HP:0000750,HP:0100710,HP:0000736,HP:0031432,HP:0100025,HP:0012534,HP:0100716,HP:0000729,HP:0000739,HP:0001273,HP:0006989,HP:0033745,HP:0012794",2,1,16,1.0,NM_004380.3
UC1_IMGGE_274,4,99,2,,,99,1,,,1,,Kabuki 2,,,,3,1,1,2,1,,,1,,1,1,,,,,,,,,,,1,,,,,,,,,,,,,,,1,,,31.5,,,2,,Serbia,21/05/1997,,2,,2,99,,1,KMT2D,Chr12_49030283_CTC_C,p.Arg4666fs,Heterozygous,"HP:0001508,HP:0000486,HP:0000508,HP:0000589,HP:0200057,HP:0000378,HP:0008523,HP:0000218,HP:0007655,HP:0002553,HP:0011229,HP:0002000|HP:0000437,HP:0002265,HP:0000411,HP:0000378,HP:0001627,HP:0045017,HP:0001647,HP:0004383,HP:0002275,HP:0001382,HP:0001212,HP:0010314,HP:0004322,HP:0002719,HP:0005432,HP:0002720,HP:0031380,HP:0001878,HP:0001249,HP:0001252",1,2,12,1.0,NM_003482.4
UC1_IMGGE_275,4,99,99,,,2,1,,,1,,Rubinstein-Taybi 2,,,,2,2,1,2,3,,,1,,1,1,,,,,,,,,,,1,,,,,,,,,,,,,,,1,,,15.5,,11.5,1,,Serbia,13/09/2011,,2,,2,99,,1,CREBBP,Chr16_3738613_G_A,p.Thr1447Ile,Heterozygous,"HP:0008897,HP:0000252,HP:0001513,HP:0000539,HP:0000508,HP:0000579,HP:0000518,HP:0000589,HP:0000639,HP:0008007,HP:0000481,HP:0008046,HP:0000405,HP:0001601,HP:0002779,HP:0002780,HP:0001642,HP:0012210,HP:0000081,HP:0000028,HP:0011968,HP:0002020,HP:0002019,HP:0002566,HP:0025085,HP:0012732,HP:0010100,HP:0001382,HP:0100711,HP:0003084,HP:0002650,HP:0000678,HP:0000670,HP:0000668,HP:0000695,HP:0011087,HP:0006297,HP:0010562,HP:0012710,HP:0002719,HP:0002885,HP:0001263,HP:0000750,HP:0000712,HP:0007018,HP:0000729,HP:0000739,HP:0001273,HP:0006989,HP:0033745,HP:0012794,HP:0001252",2,1,16,1.0,NM_004380.3
UC1_IMGGE_276,2,2,1,,,2,99,,,2,,Kabuki 1,,,,2,3,1,2,3,,,1,,2,1,,,,,,,,,,,1,,,,,,,,,,,,,,,1,,,,,,1,,Serbia,19/12/1983,,2,,2,99,,1,KMT2D,Chr12_49042188_G_A,p.Gln2004Ter,Heterozygous,"HP:0001508,HP:0001513,HP:0000508,HP:0200057,HP:0000411,HP:0000378,HP:0008523,HP:0410030,HP:0000218,HP:0007655,HP:0002553,HP:0011229,HP:0002000|HP:0000437,HP:0002265,HP:0000411,HP:0000378,HP:0006482,HP:0000689,HP:0001627,HP:0001680,HP:0011625,HP:0011968,HP:0002015,HP:0002020,HP:0000077,HP:0000126,HP:0001212,HP:0004322,HP:0002719,HP:0002720,HP:0000819,HP:0001249,HP:0001252",2,2,12,1.0,NM_003482.4
UC1_IMGGE_277,3,1,99,,,1,2,,,2,,PKU,,,,3,2,1,2,2,,,1,,99,1,,,,,,,,,,,1,,,,,,,,,,,,,,,1,,,,,79.0,2,,Serbia,14/01/1999,,2,,2,1,,2,PAH,Chr12_102844352_G_T,p.Ser350Tyr,Homozygous,"HP:0001249,HP:0100022,HP:0001250,HP:0000252,HP:0001010,HP:0005599,HP:0000964,HP:0000739,HP:0001680,HP:0001252",1,2,12,2.0,NM_000277.3
UC1_IMGGE_278,2,1,1,,,1,99,,,99,,Williams,,,,1,20,1,2,1,,,1,,2,1,,,,,,,,,,,1,,,,,,,,,,,,,,,1,,,8.5,,,2,,Serbia,03/11/1995,,99,,2,2,,1,Del7q11.23,Del7q11.23,,,"HP:0001263,HP:0001256,HP:0100025,HP:0031466,HP:0000739,HP:0007018,HP:0006979,HP:0005291,HP:0004381,HP:0004969,HP:0001634,HP:0000540,HP:0000403,HP:5200060,HP:0000691,HP:0000689,HP:0000023,HP:0000012,HP:0000805,HP:0000015,HP:0001609,HP:0001027,HP:0003072,HP:0002150,HP:0000121,HP:0000337,HP:0000341,HP:0000629,HP:0012775,HP:0000486,HP:0003196,HP:0000455,HP:0000272,HP:0000343,HP:0000179|HP:0000215,HP:0000154,HP:0000689,HP:0000347,HP:0009748,HP:0000286,HP:0000293,HP:0000692,HP:0000276,HP:0200021",1,2,17,1.0,
UC1_IMGGE_279,1,1,99,,,1,1,,,2,,22q11.2 deletion,,,,10,3,1,2,1,,,1,,99,1,,,,,,,,,,,1,,,,,,,,,,,,,,,1,,,90.5,,,99,,Serbia,11/01/1985,,99,,1,2,,1,Del22q11,Del22q11,,,"HP:0001627,HP:0000174,HP:0000175,HP:0000220,HP:0011968,HP:0002019,HP:0031379,HP:0005435,HP:0000821,HP:0002901,HP:0031703,HP:0005105,HP:0000347,HP:0001363,HP:0000396,HP:0030026,HP:0008771,HP:0000411,HP:0004467,HP:0000414,HP:0000430,HP:0000252,HP:0002126,HP:0012736,HP:0000750,HP:0000739,HP:0030223,HP:5200310,HP:0002693,HP:0001999,HP:0003319,HP:0000003,HP:0000041,HP:0002890,HP:0003006",2,1,22,,
UC1_IMGGE_280,1,1,2,,,2,2,,,2,,Kabuki 1,,,,1,20,1,2,3,,,1,,1,1,,,,,,,,,,,1,,,,,,,,,,,,,,,1,,,,,64.5,99,,Serbia,27/04/2014,,1,,1,99,,1,KMT2D,Chr12_49052679_GGGGG_GGGG,p.Thr382fs,Heterozygous,"HP:0001508,HP:0000592,HP:0000508,HP:0000589,HP:0000481,HP:0000411,HP:0000378,HP:0008523,HP:0012781,HP:0000174,HP:0007655,HP:0002553,HP:0011229,HP:0002000|HP:0000437,HP:0002265,HP:0000411,HP:0000378,HP:0000687,HP:0001627,HP:0045017,HP:0001680,HP:0001710,HP:0011968,HP:0002275,HP:0002015,HP:0002020,HP:0001382,HP:0002808,HP:0001212,HP:0004322,HP:0033795,HP:0002719,HP:0001973,HP:0031165,HP:0001249,HP:0001252",2,2,12,1.0,NM_003482.4
UC1_IMGGE_281,3,99,1,,,2,99,,,1,,PKU,,,,2,20,1,2,1,,,1,,99,1,,,,,,,,,,,1,,,,,,,,,,,,,,,1,,,,,27.5,1,,Serbia,01/11/1996,,1,,2,2,,2,PAH,Chr12_102877475_T_C,p.Asp143Gly,Homozygous,"HP:0001249,HP:0100022,HP:0001250,HP:0000252,HP:0001010,HP:0005599,HP:0000964",2,2,12,2.0,NM_000277.3
UC1_IMGGE_282,3,2,1,,,99,99,,,99,,Kleefstra,,,,3,1,1,2,3,,,1,,99,1,,,,,,,,,,,1,,,,,,,,,,,,,,,1,,,70.5,,,2,,Serbia,07/09/1985,,1,,99,2,,1,EHMT1,Chr9_137728442_C_T,p.Arg246Ter,Heterozygous,"HP:0000248,HP:0000337,HP:0000534,HP:0000582,HP:0011800,HP:0000391,HP:0003196,HP:0000463,HP:0000232,HP:0010804,HP:0010808,HP:0000303,HP:0001249,HP:0000733,HP:0000365,HP:0001710,HP:0001631,HP:0001680,HP:0004749,HP:0000054,HP:0002069,HP:0001250,HP:0001762,HP:0002020",1,2,9,1.0,NM_024757.5
UC1_IMGGE_283,100,2,99,,,2,2,,,2,,Rubinstein-Taybi 2,,,,2,1,1,2,3,,,1,,2,1,,,,,,,,,,,1,,,,,,,,,,,,,,,1,,,,,,2,,Serbia,03/04/1996,,99,,99,1,,1,CREBBP,Chr16_3731195_G_C,p.Cys1723Trp,Heterozygous,"HP:0008897,HP:0000486,HP:0000539,HP:0000508,HP:0000579,HP:0000518,HP:0000589,HP:0000639,HP:0008046,HP:0000347,HP:0001601,HP:0002779,HP:0001631,HP:0001629,HP:0001647,HP:0010775,HP:0000028,HP:0011968,HP:0002020,HP:0002019,HP:0002566,HP:0002027,HP:0006156,HP:0010100,HP:0100711,HP:0046508,HP:0002650,HP:0000678,HP:0000689,HP:0000668,HP:0011069,HP:0011087,HP:0006297,HP:0010562,HP:0003006,HP:0002885,HP:0001263,HP:0000750,HP:0100710,HP:0000712,HP:0031432,HP:0012534,HP:0100716,HP:0000729,HP:0000739,HP:0006989,HP:0033745,HP:0012794,HP:0001252",1,1,16,1.0,NM_004380.3
UC1_IMGGE_284,1,1,1,,,2,2,,,99,,Tatton-Brown-Rahman,,,,2,20,1,2,1,,,1,,1,1,,,,,,,,,,,1,,,,,,,,,,,,,,,1,,,,,78.0,2,,Serbia,28/12/1993,,1,,1,2,,1,DNMT3A,Chr2_25282462_G_A,p.Arg143Ter,Heterozygous,"HP:0001548,HP:0000098,HP:0025502,HP:6000352,HP:0002761,HP:0000311|HP:0000280,HP:0045025,HP:0000675",99,1,2,1.0,NM_022552.5
UC1_IMGGE_285,3,99,1,,,2,1,,,1,,Phelan-McDermid,,,,3,3,1,2,2,,,1,,2,1,,,,,,,,,,,1,,,,,,,,,,,,,,,1,,,65.0,,7.0,99,,Serbia,21/07/1980,,2,,99,1,,1,Del22q13.33,Del22q13.33,,,"HP:0001263,HP:0001249,HP:0000750,HP:0007302,HP:0001250,HP:0100702,HP:0002360,HP:0100704,HP:0000110|HP:0000104,HP:0002019,HP:0000252,HP:0000689,HP:0000307,HP:0000414,HP:0000629,HP:0000598,HP:0001643,HP:0001252",99,2,22,1.0,
UC1_IMGGE_286,3,99,99,,,99,99,,,1,,Smith-Magenis,,,,1,3,1,2,2,,,1,,99,1,,,,,,,,,,,1,,,,,,,,,,,,,,,1,,,,,,2,,Serbia,14/09/1984,,99,,2,99,,1,RAI1,Chr17_17792961_C_T,p.Arg5Ter,Heterozygous,"HP:0011800,HP:0000303,HP:0000283,HP:0000321,HP:0010803|HP:0010804,HP:0000679,HP:0012743,HP:0000741,HP:0003474,HP:0003474,HP:0001263,HP:0100543,HP:0006979,HP:0007018,HP:0100851,HP:0100710,HP:0000733,HP:0100716,HP:0001265,HP:0009830,HP:0000370,HP:0001600,HP:0000365,HP:0010780,HP:0001609,HP:0004322,HP:0002650,HP:0010952,HP:0005607,HP:0000220,HP:0000486,HP:0000545,HP:0000525,HP:0000482,HP:0003124,HP:0002155,HP:0001627,HP:0000541,HP:0001252",2,1,17,1.0,NM_030665.4
UC1_IMGGE_287,4,2,2,,,2,99,,,99,,Rubinstein-Taybi 2,,,,2,1,1,2,3,,,1,,99,1,,,,,,,,,,,1,,,,,,,,,,,,,,,1,,,65.5,,,2,,Serbia,01/12/1980,,99,,99,2,,1,CREBBP,Chr16_3773912_G_A,p.Arg768Ter,Heterozygous,"HP:0008897,HP:0000252,HP:0001513,HP:0000486,HP:0000539,HP:0000508,HP:0000589,HP:0000639,HP:0008007,HP:0000481,HP:0000347,HP:0002779,HP:0002780,HP:0001629,HP:0001647,HP:0000028,HP:0011968,HP:0002019,HP:0002566,HP:0002027,HP:0025085,HP:0012732,HP:0006156,HP:0010100,HP:0001382,HP:0046508,HP:0002308,HP:0001250,HP:0000678,HP:0000689,HP:0000670,HP:0010562,HP:0030434,HP:0001263,HP:0000750,HP:0100710,HP:0000712,HP:0007018,HP:0000729,HP:0000739,HP:0006989,HP:0012794,HP:0001252",2,1,16,1.0,NM_004380.3
UC1_IMGGE_288,4,2,1,,,2,1,,,2,,Williams,,,,1,4,1,2,1,,,1,,1,1,,,,,,,,,,,1,,,,,,,,,,,,,,,1,,,91.5,,2.0,99,,Serbia,12/08/1994,,1,,2,99,,1,Del7q11.23,Del7q11.23,,,"HP:0001263,HP:0001256,HP:0100025,HP:0031466,HP:0000739,HP:0007018,HP:0006979,HP:0005291,HP:0004381,HP:0005184,HP:5200060,HP:0000691,HP:0000689,HP:0011968,HP:0002019,HP:0000023,HP:0000015,HP:0001382,HP:0001609,HP:0001027,HP:0000337,HP:0000341,HP:0000629,HP:0012775,HP:0000486,HP:0003196,HP:0000455,HP:0000272,HP:0000343,HP:0000179|HP:0000215,HP:0000154,HP:0000689,HP:0000347,HP:0009748,HP:0000286,HP:0000293,HP:0000692,HP:0000276,HP:0200021",99,2,17,1.0,
UC1_IMGGE_289,100,99,1,,,99,1,,,2,,Williams,,,,1,3,1,2,2,,,1,,99,1,,,,,,,,,,,1,,,,,,,,,,,,,,,1,,,13.5,,,1,,Serbia,01/08/2005,,99,,2,1,,1,Del7q11.23,Del7q11.23,,,"HP:0001263,HP:0001256,HP:0100025,HP:0031466,HP:0000739,HP:0006979,HP:0000717,HP:0005291,HP:0004381,HP:0000822,HP:5200060,HP:0000407,HP:0000691,HP:0000689,HP:0011968,HP:0002019,HP:0001537,HP:0002253,HP:0002035,HP:0000012,HP:0000015,HP:0001382,HP:0001609,HP:0001027,HP:0000826,HP:0003072,HP:0000252,HP:0000337,HP:0000341,HP:0000629,HP:0012775,HP:0000486,HP:0003196,HP:0000455,HP:0000272,HP:0000343,HP:0000179|HP:0000215,HP:0000154,HP:0000689,HP:0000347,HP:0009748,HP:0000286,HP:0000293,HP:0000692,HP:0000276,HP:0200021,HP:0001252",2,2,17,1.0,
UC1_IMGGE_290,3,99,99,,,99,99,,,99,,Phelan-McDermid,,,,3,20,1,2,2,,,1,,99,1,,,,,,,,,,,1,,,,,,,,,,,,,,,1,,,,,43.5,2,,Serbia,19/01/1988,,99,,99,2,,1,Del22q13.33,Del22q13.33,,,"HP:0001263,HP:0001249,HP:0000750,HP:0000718,HP:0012534,HP:0001250,HP:0002119,HP:0007204,HP:0002011,HP:0002280,HP:0100702,HP:0012762,HP:0002360,HP:0000508,HP:0000020,HP:0012210,HP:0000107,HP:0004324,HP:0000689,HP:0000527,HP:0000414,HP:0000629,HP:0000598,HP:0001252",1,2,22,1.0,
UC1_IMGGE_291,4,2,1,,,2,2,,,2,,Noonan,,,,10,2,1,2,3,,,1,,1,1,,,,,,,,,,,1,,,,,,,,,,,,,,,1,,,,,83.0,99,,Serbia,05/11/1997,,1,,2,1,,1,SOS1,Chr2_39023118_A_G,p.Ile437Thr,Heterozygous,"HP:0000478,HP:0004322,HP:0001382,HP:0000766,HP:0000028,HP:0001627,HP:0001561,HP:0100763,HP:0000476,HP:0002202,HP:0001541,HP:0003115,HP:0002463,HP:0000737,HP:0000739,HP:0000348,HP:0000316|HP:0000494,HP:0000358,HP:0000288,HP:0000215,HP:0000470|HP:0000474,HP:0002162,HP:0000520,HP:0008050,HP:0000316,HP:0000508,HP:0005280,HP:0012810,HP:0001782,HP:0000298,HP:0000325,HP:0000290,HP:0000472,HP:0000917,HP:0000347,HP:0000508,HP:0000486,HP:0000539,HP:0000646,HP:0000639,HP:0001252",99,1,2,,NM_005633.4
UC1_IMGGE_292,1,1,99,,,99,99,,,2,,Kabuki 1,,,,2,2,1,2,3,,,1,,1,1,,,,,,,,,,,1,,,,,,,,,,,,,,,1,,,,,,99,,Serbia,13/06/1995,,2,,2,2,,1,KMT2D,Chr12_49042188_G_A,p.Gln2004Ter,Heterozygous,"HP:0001508,HP:0008897,HP:0000486,HP:0000508,HP:0200057,HP:0000481,HP:0000411,HP:0000378,HP:0012781,HP:0410030,HP:0000218,HP:0007655,HP:0002553,HP:0011229,HP:0002000|HP:0000437,HP:0002265,HP:0000411,HP:0000378,HP:0000668|HP:0000690|HP:0200161|HP:4000093|HP:0011057,HP:0006482,HP:0001680,HP:0004383,HP:0011968,HP:0002275,HP:0002015,HP:0002020,HP:0001382,HP:0001212,HP:0004322,HP:0002719,HP:0005432,HP:0002720,HP:0001249,HP:0001252",2,2,12,1.0,NM_003482.4
UC1_IMGGE_293,1,99,99,,,99,1,,,2,,22q11.2 deletion,,,,1,1,1,2,2,,,1,,99,1,,,,,,,,,,,1,,,,,,,,,,,,,,,1,,,27.0,,,1,,Serbia,26/05/1995,,2,,1,1,,1,Del22q11,Del22q11,,,"HP:0001627,HP:0001636,HP:0000220,HP:0002019,HP:0031379,HP:0000829,HP:0010750,HP:0005105,HP:0011333,HP:0000347,HP:0001363,HP:0000396,HP:0030026,HP:0008771,HP:0000411,HP:0004467,HP:0000402,HP:0000407|HP:0000405,HP:0000414,HP:0000430,HP:0001601,HP:0002126,HP:0001321,HP:0012736,HP:0000750,HP:0010864,HP:0000734,HP:0000739,HP:0000717,HP:0002693,HP:0002691,HP:0000126,HP:0001741,HP:0002101,HP:0000670,HP:0002667,HP:0001252",99,2,22,,
UC1_IMGGE_294,100,99,2,,,2,2,,,2,,Tatton-Brown-Rahman,,,,10,1,1,2,2,,,1,,99,1,,,,,,,,,,,1,,,,,,,,,,,,,,,1,,,,,41.5,1,,Serbia,10/06/1988,,99,,99,99,,1,DNMT3A,Chr2_25236935_C_T,--,Heterozygous,"HP:0001548,HP:0000098,HP:0000256,HP:0002342,HP:0010864,HP:0000729,HP:5200430,HP:6000352,HP:0002761,HP:0033127,HP:0008094,HP:0001250,HP:0000311|HP:0000280,HP:0011228",99,2,2,1.0,NM_022552.5
UC1_IMGGE_295,3,99,2,,,1,99,,,1,,Smith-Magenis,,,,10,1,1,2,1,,,1,,1,1,,,,,,,,,,,1,,,,,,,,,,,,,,,1,,,42.0,,,2,,Serbia,01/12/1983,,99,,99,99,,1,RAI1,Chr17_17797629_C_T,p.Arg1561Ter,Heterozygous,"HP:0011800,HP:0000303,HP:0000283,HP:0000321,HP:0010803|HP:0010804,HP:0000490,HP:0001169|HP:0004279,HP:0000679,HP:0003474,HP:0003474,HP:0001263,HP:0100543,HP:0002463,HP:0006979,HP:0007018,HP:0100851,HP:0100710,HP:0000733,HP:0100716,HP:0001265,HP:0009830,HP:0000370,HP:0001600,HP:0000365,HP:0010780,HP:0001609,HP:0004322,HP:0002650,HP:0010952,HP:0005607,HP:0000220,HP:0000486,HP:0000525,HP:0000482,HP:5200291,HP:0002155,HP:0000717,HP:0001627,HP:0010978,HP:0002720,HP:0410030",99,1,17,1.0,NM_030665.4
UC1_IMGGE_296,2,99,99,,,2,2,,,1,,22q11.2 deletion,,,,3,1,1,2,3,,,1,,99,1,,,,,,,,,,,1,,,,,,,,,,,,,,,1,,,35.0,,,2,,Serbia,19/10/2002,,99,,99,99,,1,Del22q11,Del22q11,,,"HP:0001627,HP:0001643,HP:0000174,HP:0000220,HP:0000220,HP:0002019,HP:0031379,HP:0001045,HP:0001878,HP:0000829,HP:0002901,HP:0001513,HP:0010750,HP:0000518,HP:0031703,HP:0005105,HP:0011333,HP:0000347,HP:0001363,HP:0000396,HP:0030026,HP:0000378,HP:0008771,HP:0000411,HP:0000407|HP:0000405,HP:0000426,HP:0000430,HP:0000456,HP:0002389,HP:0002126,HP:0011342,HP:0012736,HP:0001256,HP:0010864,HP:0030223,HP:5200310,HP:0000717,HP:0002693,HP:0002691,HP:0001999,HP:0002650,HP:0000126,HP:0000126,HP:0000028,HP:0000041,HP:0001252",2,2,22,,
UC1_IMGGE_297,1,99,2,,,99,99,,,99,,Rubinstein-Taybi 2,,,,10,2,1,2,2,,,1,,1,1,,,,,,,,,,,1,,,,,,,,,,,,,,,1,,,35.5,,37.0,2,,Serbia,28/05/2010,,99,,99,2,,1,CREBBP,Chr16_3773912_G_A,p.Arg768Ter,Heterozygous,"HP:0008897,HP:0000252,HP:0001513,HP:0000486,HP:0000539,HP:0000518,HP:0000589,HP:0000639,HP:0000481,HP:0000405,HP:0002870,HP:0001601,HP:0002780,HP:0001631,HP:0012210,HP:0000076,HP:0000028,HP:0011968,HP:0002020,HP:0002019,HP:0002566,HP:0025085,HP:0012732,HP:0006156,HP:0010100,HP:0002999,HP:0003084,HP:0046508,HP:0002650,HP:0002308,HP:0002341,HP:0000678,HP:0000668,HP:0011069,HP:0000695,HP:0011087,HP:0006297,HP:0010562,HP:0012710,HP:0000388,HP:0003006,HP:0030434,HP:0001263,HP:0000750,HP:0100710,HP:0007018,HP:0100025,HP:0012534,HP:0000718,HP:0000729,HP:0000739,HP:0006989,HP:0033745",1,1,16,1.0,NM_004380.3
UC1_IMGGE_298,2,1,2,,,2,99,,,1,,CSS,,,,3,1,1,2,1,,,1,,99,1,,,,,,,,,,,1,,,,,,,,,,,,,,,1,,,,,68.5,1,,Serbia,01/03/1990,,2,,99,99,,1,ARID1B,Chr6_157084773_C_T,p.Gln787Ter,Heterozygous,"HP:0000718,HP:0000280,HP:0000574,HP:0011231,HP:0005280,HP:0003196,HP:0000463,HP:0000455,HP:0012810,HP:0009928,HP:0000289,HP:0000154,HP:0000179,HP:0001792,HP:0005832,HP:0002650,HP:0000998,HP:0004325,HP:0000002,HP:0005832,HP:0002719,HP:0001671,HP:0012211",99,1,6,1.0,NM_001374828.1
UC1_IMGGE_299,2,2,99,,,2,2,,,2,,PKU,,,,2,20,1,2,2,,,1,,99,1,,,,,,,,,,,1,,,,,,,,,,,,,,,1,,,,,,99,,Serbia,12/12/2013,,2,,99,99,,2,PAH,Chr12_102840506_A_.,p.Ala404fs,Homozygous,"HP:0001249,HP:0100022,HP:0001250,HP:0000252,HP:0001010,HP:0005599,HP:0000964,HP:0007018,HP:0000739,HP:0006695,HP:0002575,HP:0001252",99,2,12,2.0,NM_000277.3
